OBJECTID,Id,Shape_Leng,Shape_Area,Date_mappe,Low_tide,Survey_cre,Method,Device,min_depth,max_depth,Substrate,Video_tran,Survey_sit,Density,Distributi,Notes,Survey_tim,Density_1_,Density_2,Density_2_,Density_3,Density_3_,Distribu_1,Distribu_2,Distribu_3,Area,Form,Dist,Collection,Year_Colle,Distribu_4,Polygon,Visibility,Note1,Note2,max_depth_,Secchi_dis,min_depth_,Density_1,Note_1,Note_2,Area_Ha,Year,Water_Body,Province,Data_Provi,Biogeograp,Institutio,Month,Day,layer,path,year
1,0,113.7740552,235.1027721,00:00.0,1.9m @ 4:38,"Leanna Boyer, Miriam Isaac-Renton",Free diver/Kayak,,,,,,Bennett Bay to Horton Bay,,,dense patch,10:44am - 1:07pm,,,,,,,,,,,,,,,,,,,,,,,,,,,,,,,,,,a0000000c — Eelgrass_Poly_2010,/Users/margaretslein/Desktop/imerss/MICS_Eelgrass_2009_2022.gdb 3/a0000000c.gdbtable|layername=Eelgrass_Poly_2010,2010
2,0,335.5925711,5088.739224,00:00.0,1.9m @ 4:38,"Leanna Boyer, Miriam Isaac-Renton",Free diver/Kayak,,,,,,Bennett Bay to Horton Bay,,,,10:44am - 1:07pm,,,,,,,,,,,,,,,,,,,,,,,,,,,,,,,,,,a0000000c — Eelgrass_Poly_2010,/Users/margaretslein/Desktop/imerss/MICS_Eelgrass_2009_2022.gdb 3/a0000000c.gdbtable|layername=Eelgrass_Poly_2010,2010
3,0,255.8288926,2330.376947,00:00.0,1.9m @ 4:38,"Leanna Boyer, Miriam Isaac-Renton",Free diver/Kayak,,,,,,Bennett Bay to Horton Bay,,,,10:44am - 1:07pm,,,,,,,,,,,,,,,,,,,,,,,,,,,,,,,,,,a0000000c — Eelgrass_Poly_2010,/Users/margaretslein/Desktop/imerss/MICS_Eelgrass_2009_2022.gdb 3/a0000000c.gdbtable|layername=Eelgrass_Poly_2010,2010
4,0,575.9528477,7572.056289,00:00.0,1.9m @ 4:38,"Leanna Boyer, Miriam Isaac-Renton",Free diver/Kayak,,,,,,Bennett Bay to Horton Bay,,,,10:44am - 1:07pm,,,,,,,,,,,,,,,,,,,,,,,,,,,,,,,,,,a0000000c — Eelgrass_Poly_2010,/Users/margaretslein/Desktop/imerss/MICS_Eelgrass_2009_2022.gdb 3/a0000000c.gdbtable|layername=Eelgrass_Poly_2010,2010
5,0,298.383036,4394.77939,00:00.0,0.8m @ 10:51,,,,,,,,Oceanwood,,,,3:24pm - 3:54pm,,,,,,,,,,,,,,,,,,,,,,,,,,,,,,,,,,a0000000c — Eelgrass_Poly_2010,/Users/margaretslein/Desktop/imerss/MICS_Eelgrass_2009_2022.gdb 3/a0000000c.gdbtable|layername=Eelgrass_Poly_2010,2010
6,0,1484.464374,22264.83846,00:00.0,1.3m @ 5:35,"Leanna Boyer, Miriam-Isaac Renton",Free diver/Kayak,GPSmap 60csx,,,mud_sand,,Gallagher Bay,high,C,,11:20am - 1:00pm,,low,,,,100,,,,,,,,,,,,,,,,,,,,,,,,,,,,a0000000c — Eelgrass_Poly_2010,/Users/margaretslein/Desktop/imerss/MICS_Eelgrass_2009_2022.gdb 3/a0000000c.gdbtable|layername=Eelgrass_Poly_2010,2010
7,0,23.79434909,16.25605114,00:00.0,0.2m @ 12:55,Leanna Boyer,On-foot,GPSmap 60csx,,,,N,Miner's Bay,,,Small patch,1:09pm - 2:15pm,,,,,,,,,,,,,,,,,,,,,,,,,,,,,,,,,,a0000000c — Eelgrass_Poly_2010,/Users/margaretslein/Desktop/imerss/MICS_Eelgrass_2009_2022.gdb 3/a0000000c.gdbtable|layername=Eelgrass_Poly_2010,2010
1,0,187.1454231,1228.273831,00:00.0,,"Leanna Boyer, Nikki Wright",Boat/Underwater Camera,GPSmap 60csx,,,,,Horton Bay,high,P,"Mixed w/ kelp, low epiphytes",10:48am - 11:11am,100,,,,,,,,1228,FR,P,Foot/Kayak & Freediver/Camera Tow,2009,,,,,,,,,,,,,,,,,,,,,a00000010 — Eelgrass_Poly_2009,/Users/margaretslein/Desktop/imerss/MICS_Eelgrass_2009_2022.gdb 3/a00000010.gdbtable|layername=Eelgrass_Poly_2009,2009
2,0,256.5065403,3452.846586,00:00.0,,"Leanna Boyer, Nikki Wright",Boat/Underwater Camera,GPSmap 60csx,,,,,Horton Bay,high,C,,1:53pm - 3:30pm,100,,,,,,,,3453,F,C,Foot/Kayak & Freediver/Camera Tow,2009,,,,,,,,,,,,,,,,,,,,,a00000010 — Eelgrass_Poly_2009,/Users/margaretslein/Desktop/imerss/MICS_Eelgrass_2009_2022.gdb 3/a00000010.gdbtable|layername=Eelgrass_Poly_2009,2009
3,0,1892.459041,19983.40623,00:00.0,,"Leanna Boyer, Nikki Wright",Boat/Underwater Camera,GPSmap 60csx,,,,,Horton Bay,high,C,,10:36am - 1:37pm,75,medium,25,,,,,,19983,F,C,Foot/Kayak & Freediver/Camera Tow,2009,,,,,,,,,,,,,,,,,,,,,a00000010 — Eelgrass_Poly_2009,/Users/margaretslein/Desktop/imerss/MICS_Eelgrass_2009_2022.gdb 3/a00000010.gdbtable|layername=Eelgrass_Poly_2009,2009
4,0,41.15223935,39.48540315,00:00.0,,"Leanna Boyer, Nikki Wright",Boat/Underwater Camera,GPSmap 60csx,,,,,Horton Bay,low,P,,10:36am - 1:37pm,100,,,,,100,,,39,F,P,Foot/Kayak & Freediver/Camera Tow,2009,,,,,,,,,,,,,,,,,,,,,a00000010 — Eelgrass_Poly_2009,/Users/margaretslein/Desktop/imerss/MICS_Eelgrass_2009_2022.gdb 3/a00000010.gdbtable|layername=Eelgrass_Poly_2009,2009
5,0,182.4716951,706.4694603,00:00.0,,"Leanna Boyer, Nikki Wright",Boat/Underwater Camera,GPSmap 60csx,,,,,Horton Bay,low,P,,10:36am - 1:37pm,100,,,,,,,,706,F,P,Foot/Kayak & Freediver/Camera Tow,2009,,,,,,,,,,,,,,,,,,,,,a00000010 — Eelgrass_Poly_2009,/Users/margaretslein/Desktop/imerss/MICS_Eelgrass_2009_2022.gdb 3/a00000010.gdbtable|layername=Eelgrass_Poly_2009,2009
6,0,53.56137014,100.3697865,00:00.0,,"Leanna Boyer, Nikki Wright",Boat/Underwater Camera,GPSmap 60csx,,,,,Horton Bay,,C,,1:53pm - 3:30pm,,,,,,,,,100,F,C,Foot/Kayak & Freediver/Camera Tow,2009,,,,,,,,,,,,,,,,,,,,,a00000010 — Eelgrass_Poly_2009,/Users/margaretslein/Desktop/imerss/MICS_Eelgrass_2009_2022.gdb 3/a00000010.gdbtable|layername=Eelgrass_Poly_2009,2009
7,0,316.0330575,3124.898307,00:00.0,,"Leanna Boyer, Al Maxwell",Boat/Underwater Camera,GPSmap 60csx,,,,,St. John Point,medium,C,,10:43am - 11:59am,100,,,,,100,,,3125,FR,C,Foot/Kayak & Freediver/Camera Tow,2009,,,,,,,,,,,,,,,,,,,,,a00000010 — Eelgrass_Poly_2009,/Users/margaretslein/Desktop/imerss/MICS_Eelgrass_2009_2022.gdb 3/a00000010.gdbtable|layername=Eelgrass_Poly_2009,2009
8,0,239.4783708,1839.47037,00:00.0,,"Leanna Boyer, Al Maxwell",Boat/Underwater Camera,GPSmap 60csx,,,,,St. John Point,medium,C,,10:43am - 11:59am,100,,,,,100,,,1839,FR,C,Foot/Kayak & Freediver/Camera Tow,2009,,,,,,,,,,,,,,,,,,,,,a00000010 — Eelgrass_Poly_2009,/Users/margaretslein/Desktop/imerss/MICS_Eelgrass_2009_2022.gdb 3/a00000010.gdbtable|layername=Eelgrass_Poly_2009,2009
9,0,553.8830305,10047.21191,00:00.0,,"Leanna Boyer, Nikki Wright, Al Maxwell",Boat/Underwater Camera/On-foot,GPSmap 60csx,,,sand,,Kadonaga Bay,high,C,Intertidal mapped June 25,11:50am - 12:19pm,,low,,,,,,,10047,F,C,Foot/Kayak & Freediver/Camera Tow,2009,,,,,,,,,,,,,,,,,,,,,a00000010 — Eelgrass_Poly_2009,/Users/margaretslein/Desktop/imerss/MICS_Eelgrass_2009_2022.gdb 3/a00000010.gdbtable|layername=Eelgrass_Poly_2009,2009
10,0,2407.458019,32681.63215,00:00.0,,"Leanna Boyer, Nikki Wright, Al Maxwell",On-foot/Boat/Underwater Camera,GPSmap 60csx,,,,,Piggott Bay,medium,C,,12:38pm - 1:05pm,100,,,,,,,,32682,FFR,C,Foot/Kayak & Freediver/Camera Tow,2009,,,,,,,,,,,,,,,,,,,,,a00000010 — Eelgrass_Poly_2009,/Users/margaretslein/Desktop/imerss/MICS_Eelgrass_2009_2022.gdb 3/a00000010.gdbtable|layername=Eelgrass_Poly_2009,2009
11,0,645.7325554,8969.297281,00:00.0,,Leanna Boyer,On-foot/Boat/Underwater Camera,GPSmap 60csx,,,mud_cobble,,Dinner Bay,medium,C,"Japonica present, mixed with ulva spp",11:15am - 11:45am,75,low,25,,,,,,8969,F,C,Foot/Kayak & Freediver/Camera Tow,2009,,,,,,,,,,,,,,,,,,,,,a00000010 — Eelgrass_Poly_2009,/Users/margaretslein/Desktop/imerss/MICS_Eelgrass_2009_2022.gdb 3/a00000010.gdbtable|layername=Eelgrass_Poly_2009,2009
12,0,211.9946524,881.2371891,00:00.0,,Leanna Boyer,On-foot/Boat/Underwater Camera,GPSmap 60csx,,,mud_sand,,Dinner Bay,high,C,,12:12pm - 12:25pm,75,low,25,,,,,,881,F,C,Foot/Kayak & Freediver/Camera Tow,2009,,,,,,,,,,,,,,,,,,,,,a00000010 — Eelgrass_Poly_2009,/Users/margaretslein/Desktop/imerss/MICS_Eelgrass_2009_2022.gdb 3/a00000010.gdbtable|layername=Eelgrass_Poly_2009,2009
13,0,25.94923268,29.94356853,00:00.0,,Leanna Boyer,On-foot,GPSmap 60csx,,,mud,,Village Bay,medium,C,,12:32pm - 2:03pm,100,,,,,100,,,30,F,C,Foot/Kayak & Freediver/Camera Tow,2009,,,,,,,,,,,,,,,,,,,,,a00000010 — Eelgrass_Poly_2009,/Users/margaretslein/Desktop/imerss/MICS_Eelgrass_2009_2022.gdb 3/a00000010.gdbtable|layername=Eelgrass_Poly_2009,2009
14,0,46.79216363,75.94881377,00:00.0,,Leanna Boyer,On-foot,GPSmap 60csx,,,,,Village Bay,high,C,,12:32pm - 2:03pm,100,,,,,,,,76,F,C,Foot/Kayak & Freediver/Camera Tow,2009,,,,,,,,,,,,,,,,,,,,,a00000010 — Eelgrass_Poly_2009,/Users/margaretslein/Desktop/imerss/MICS_Eelgrass_2009_2022.gdb 3/a00000010.gdbtable|layername=Eelgrass_Poly_2009,2009
15,0,22.67184409,18.08724457,00:00.0,,Leanna Boyer,On-foot,GPSmap 60csx,,,,,Village Bay,high,C,,12:32pm - 2:03pm,100,,,,,,,,18,F,C,Foot/Kayak & Freediver/Camera Tow,2009,,,,,,,,,,,,,,,,,,,,,a00000010 — Eelgrass_Poly_2009,/Users/margaretslein/Desktop/imerss/MICS_Eelgrass_2009_2022.gdb 3/a00000010.gdbtable|layername=Eelgrass_Poly_2009,2009
16,0,88.18816045,158.791116,00:00.0,,Leanna Boyer,On-foot,GPSmap 60csx,,,,,Village Bay,medium,C,,12:32pm - 2:03pm,100,,,,,,,,159,F,C,Foot/Kayak & Freediver/Camera Tow,2009,,,,,,,,,,,,,,,,,,,,,a00000010 — Eelgrass_Poly_2009,/Users/margaretslein/Desktop/imerss/MICS_Eelgrass_2009_2022.gdb 3/a00000010.gdbtable|layername=Eelgrass_Poly_2009,2009
17,0,134.7930571,283.3475137,00:00.0,,Leanna Boyer,On-foot,GPSmap 60csx,,,,,Village Bay,medium,C,,12:32pm - 2:03pm,,,,,,,,,283,F,C,Foot/Kayak & Freediver/Camera Tow,2009,,,,,,,,,,,,,,,,,,,,,a00000010 — Eelgrass_Poly_2009,/Users/margaretslein/Desktop/imerss/MICS_Eelgrass_2009_2022.gdb 3/a00000010.gdbtable|layername=Eelgrass_Poly_2009,2009
18,0,1255.389865,19915.6336,00:00.0,,"Leanna Boyer, Nikki Wright, Al Maxwell,",Boat/Underwater Camera,GPSmap 60csx,,,mud,,Village Bay,medium,C,,10:15am - 12:49pm,,,,,,,P,,19916,F,C,Foot/Kayak & Freediver/Camera Tow,2009,,,,,,,,,,,,,,,,,,,,,a00000010 — Eelgrass_Poly_2009,/Users/margaretslein/Desktop/imerss/MICS_Eelgrass_2009_2022.gdb 3/a00000010.gdbtable|layername=Eelgrass_Poly_2009,2009
19,0,19.95347175,17.08284444,00:00.0,,Leanna Boyer,On-foot,GPSmap 60csx,,,,,Village Bay,,C,,12:32pm - 2:03pm,,,,,,,,,17,F,C,Foot/Kayak & Freediver/Camera Tow,2009,,,,,,,,,,,,,,,,,,,,,a00000010 — Eelgrass_Poly_2009,/Users/margaretslein/Desktop/imerss/MICS_Eelgrass_2009_2022.gdb 3/a00000010.gdbtable|layername=Eelgrass_Poly_2009,2009
20,0,16.14051657,13.29571123,00:00.0,,Leanna Boyer,On-foot,GPSmap 60csx,,,,,Village Bay,,C,,12:32pm - 2:03pm,,,,,,,,,13,F,C,Foot/Kayak & Freediver/Camera Tow,2009,,,,,,,,,,,,,,,,,,,,,a00000010 — Eelgrass_Poly_2009,/Users/margaretslein/Desktop/imerss/MICS_Eelgrass_2009_2022.gdb 3/a00000010.gdbtable|layername=Eelgrass_Poly_2009,2009
21,0,30.74262608,35.52471202,00:00.0,,Leanna Boyer,On-foot,GPSmap 60csx,,,,,Miner's Bay,,C,Mixed with Japonica,11:11am - 1:45pm,,,,,,,,,36,F,C,Foot/Kayak & Freediver/Camera Tow,2009,,,,,,,,,,,,,,,,,,,,,a00000010 — Eelgrass_Poly_2009,/Users/margaretslein/Desktop/imerss/MICS_Eelgrass_2009_2022.gdb 3/a00000010.gdbtable|layername=Eelgrass_Poly_2009,2009
22,0,28.96953497,56.5413959,00:00.0,,Leanna Boyer,On-foot,GPSmap 60csx,,,,,Miner's Bay,high,C,Mixed with Japonica,11:11am - 1:45pm,,,,,,,,,57,F,C,Foot/Kayak & Freediver/Camera Tow,2009,,,,,,,,,,,,,,,,,,,,,a00000010 — Eelgrass_Poly_2009,/Users/margaretslein/Desktop/imerss/MICS_Eelgrass_2009_2022.gdb 3/a00000010.gdbtable|layername=Eelgrass_Poly_2009,2009
23,0,50.94652891,97.06346287,,,,,,,,,,Miner's Bay,,C,,,,,,,,,,,97,F,C,Foot/Kayak & Freediver/Camera Tow,2009,,,,,,,,,,,,,,,,,,,,,a00000010 — Eelgrass_Poly_2009,/Users/margaretslein/Desktop/imerss/MICS_Eelgrass_2009_2022.gdb 3/a00000010.gdbtable|layername=Eelgrass_Poly_2009,2009
24,0,31.83430212,31.7176996,00:00.0,,Leanna Boyer,Kayak,GPSmap 60csx,,,,,Miner's Bay,medium,C,Patch in kelp bed,11:55am - 2:17pm,100,,,,,,,,32,F,C,Foot/Kayak & Freediver/Camera Tow,2009,,,,,,,,,,,,,,,,,,,,,a00000010 — Eelgrass_Poly_2009,/Users/margaretslein/Desktop/imerss/MICS_Eelgrass_2009_2022.gdb 3/a00000010.gdbtable|layername=Eelgrass_Poly_2009,2009
25,0,199.6118474,732.7561613,00:00.0,,Leanna Boyer,Kayak,GPSmap 60csx,,,,,Miner's Bay,medium,C,,11:55am - 2:17pm,100,,,,,,,,733,F,C,Foot/Kayak & Freediver/Camera Tow,2009,,,,,,,,,,,,,,,,,,,,,a00000010 — Eelgrass_Poly_2009,/Users/margaretslein/Desktop/imerss/MICS_Eelgrass_2009_2022.gdb 3/a00000010.gdbtable|layername=Eelgrass_Poly_2009,2009
26,0,20.90112054,21.28134804,00:00.0,,Leanna Boyer,On-foot,GPSmap 60csx,,,,,Miner's Bay,,C,,11:11am - 1:45pm,,,,,,,,,21,F,C,Foot/Kayak & Freediver/Camera Tow,2009,,,,,,,,,,,,,,,,,,,,,a00000010 — Eelgrass_Poly_2009,/Users/margaretslein/Desktop/imerss/MICS_Eelgrass_2009_2022.gdb 3/a00000010.gdbtable|layername=Eelgrass_Poly_2009,2009
27,0,1264.824837,24356.66529,00:00.0,,"Leanna Boyer, Van Apniest Diving Club",Free diver/Kayak/On-foot,GPSmap 60csx,,,sand,,Miner's Bay,medium,C,Mapped June 23 (intertidal) and 26 too,10:00am - 11:32am,100,,,,,,P,,24357,F,CK,Foot/Kayak & Freediver/Camera Tow,2009,,,,,,,,,,,,,,,,,,,,,a00000010 — Eelgrass_Poly_2009,/Users/margaretslein/Desktop/imerss/MICS_Eelgrass_2009_2022.gdb 3/a00000010.gdbtable|layername=Eelgrass_Poly_2009,2009
28,0,180.5041846,1030.978169,00:00.0,,Leanna Boyer,Boat/Underwater Camera,GPSmap 60csx,,,<Null>,,Campbell Bay,medium,C,,1:24pm - 2:20pm,,,,,,,,,1031,F,C,Foot/Kayak & Freediver/Camera Tow,2009,,,,,,,,,,,,,,,,,,,,,a00000010 — Eelgrass_Poly_2009,/Users/margaretslein/Desktop/imerss/MICS_Eelgrass_2009_2022.gdb 3/a00000010.gdbtable|layername=Eelgrass_Poly_2009,2009
29,0,649.947415,3595.525323,00:00.0,,Leanna Boyer,Kayak/Boat/Underwater Camera,GPSmap 60csx,,,,,Campbell Bay,medium,C,,9:51am - 11:35am,100,,,,,,,,3596,FR,C,Foot/Kayak & Freediver/Camera Tow,2009,,,,,,,,,,,,,,,,,,,,,a00000010 — Eelgrass_Poly_2009,/Users/margaretslein/Desktop/imerss/MICS_Eelgrass_2009_2022.gdb 3/a00000010.gdbtable|layername=Eelgrass_Poly_2009,2009
30,0,854.677197,9109.423069,00:00.0,,"Leanna Boyer, Nikki Wright",Boat/Underwater Camera,GPSmap 60csx,,,,,Campbell Bay,medium,C,low density in nearshore section,1:00pm - 2:30pm,75,low,25,,,100,,,9109,F,C,Foot/Kayak & Freediver/Camera Tow,2009,,,,,,,,,,,,,,,,,,,,,a00000010 — Eelgrass_Poly_2009,/Users/margaretslein/Desktop/imerss/MICS_Eelgrass_2009_2022.gdb 3/a00000010.gdbtable|layername=Eelgrass_Poly_2009,2009
31,0,829.6486965,5096.296225,00:00.0,,"Leanna Boyer, Nikki Wright",Boat/Underwater Camera,GPSmap 60csx,,,,,Campbell Bay,high,C,,1:00pm - 2:30pm,100,,,,,100,,,5096,FFR,C,Foot/Kayak & Freediver/Camera Tow,2009,,,,,,,,,,,,,,,,,,,,,a00000010 — Eelgrass_Poly_2009,/Users/margaretslein/Desktop/imerss/MICS_Eelgrass_2009_2022.gdb 3/a00000010.gdbtable|layername=Eelgrass_Poly_2009,2009
32,0,29.1138239,26.92113973,00:00.0,,"Leanna Boyer, Nikki Wright",Boat/Underwater Camera,GPSmap 60csx,,,,,Campbell Bay,medium,C,Small unhealthy patch,1:00pm - 2:30pm,100,,,,,100,,,27,FR,C,Foot/Kayak & Freediver/Camera Tow,2009,,,,,,,,,,,,,,,,,,,,,a00000010 — Eelgrass_Poly_2009,/Users/margaretslein/Desktop/imerss/MICS_Eelgrass_2009_2022.gdb 3/a00000010.gdbtable|layername=Eelgrass_Poly_2009,2009
33,0,944.4826555,14497.00862,00:00.0,,"Leanna Boyer, Van Apniest Free Diving Club",Free diver/Kayak/On-foot,GPSmap 60csx,,4.81,,,Miner's Bay,medium,C,Mapped over multiple days,11:55am - 2:17pm,100,,,,,100,,,14497,F,C,Foot/Kayak & Freediver/Camera Tow,2009,,,,,,,,,,,,,,,,,,,,,a00000010 — Eelgrass_Poly_2009,/Users/margaretslein/Desktop/imerss/MICS_Eelgrass_2009_2022.gdb 3/a00000010.gdbtable|layername=Eelgrass_Poly_2009,2009
34,0,1440.840343,26992.70818,00:00.0,,"Leana Boyer, Nikki Wright, Travis Beaulieu",Kayak/Boat/Underwater Camera,GPSmap 60csx,,,sand,,Naylor Bay,,C,"Density: Intertidal low, Subtidal high",11:15am - 12:56pm,,,,,,,P,,26993,F,CP,Foot/Kayak & Freediver/Camera Tow,2009,,,,,,,,,,,,,,,,,,,,,a00000010 — Eelgrass_Poly_2009,/Users/margaretslein/Desktop/imerss/MICS_Eelgrass_2009_2022.gdb 3/a00000010.gdbtable|layername=Eelgrass_Poly_2009,2009
35,0,481.9996844,4474.294128,00:00.0,,"Leanna Boyer, Nikki Wright, Travis Beaulieu",Kayak/Boat/Underwater Camera,GPSmap 60csx,,,sand,,Gallagher Bay,high,P,Between Gallagher Bay and Piggott Bay,11:15am - 11:47am,,,,,,100,,,4474,FR,P,Foot/Kayak & Freediver/Camera Tow,2009,,,,,,,,,,,,,,,,,,,,,a00000010 — Eelgrass_Poly_2009,/Users/margaretslein/Desktop/imerss/MICS_Eelgrass_2009_2022.gdb 3/a00000010.gdbtable|layername=Eelgrass_Poly_2009,2009
36,0,484.4128486,9517.238351,00:00.0,,"Leanna Boyer, Van Apniest Free Diving Club",Free diver/Kayak/On-foot,GPSmap 60csx,,,,,Miner's Bay,high,C,Mapped over multiple days,11:55am - 2:17pm,,,,,,,,,9517,F,C,Foot/Kayak & Freediver/Camera Tow,2009,,,,,,,,,,,,,,,,,,,,,a00000010 — Eelgrass_Poly_2009,/Users/margaretslein/Desktop/imerss/MICS_Eelgrass_2009_2022.gdb 3/a00000010.gdbtable|layername=Eelgrass_Poly_2009,2009
37,0,907.4251941,6629.568924,00:00.0,,"Leanna Boyer, John Line, Manda Gryba",Kayak/On-foot/Boat/Underwater Camera,GPSmap 60csx,,,mud_sand,,Navy Channel Park,medium,C,"Large amounts of Ulva, sparser nearshore",2:20pm - 4:00pm,90,low,10,,,,P,,6630,F,CP,Foot/Kayak & Freediver/Camera Tow,2009,,,,,,,,,,,,,,,,,,,,,a00000010 — Eelgrass_Poly_2009,/Users/margaretslein/Desktop/imerss/MICS_Eelgrass_2009_2022.gdb 3/a00000010.gdbtable|layername=Eelgrass_Poly_2009,2009
38,0,32.1934116,43.79235987,00:00.0,,"Leanna Boyer, John Line, Manda Gryba",On-foot,GPSmap 60csx,,,mud,,Navy Channel Park,medium,C,"Large amount of ulva, some boulders present",1:50pm - 3:50pm,100,,,,,,,,44,F,C,Foot/Kayak & Freediver/Camera Tow,2009,,,,,,,,,,,,,,,,,,,,,a00000010 — Eelgrass_Poly_2009,/Users/margaretslein/Desktop/imerss/MICS_Eelgrass_2009_2022.gdb 3/a00000010.gdbtable|layername=Eelgrass_Poly_2009,2009
39,0,33.88239408,34.27957478,00:00.0,,"Leanna Boyer, John Line, Manda Gryba",On-foot,GPSmap 60csx,,,mud,,Navy Channel Park,low,C,Z. japonica mixed in,1:50pm - 3:50pm,100,,,,,,,,34,F,C,Foot/Kayak & Freediver/Camera Tow,2009,,,,,,,,,,,,,,,,,,,,,a00000010 — Eelgrass_Poly_2009,/Users/margaretslein/Desktop/imerss/MICS_Eelgrass_2009_2022.gdb 3/a00000010.gdbtable|layername=Eelgrass_Poly_2009,2009
40,0,12.67337235,9.53985639,00:00.0,,"Leanna Boyer, John Line, Manda Gryba",On-foot,GPSmap 60csx,,,mud_sand,,Navy Channel Park,high,C,,1:50pm - 3:50pm,100,,,,,,,,10,F,C,Foot/Kayak & Freediver/Camera Tow,2009,,,,,,,,,,,,,,,,,,,,,a00000010 — Eelgrass_Poly_2009,/Users/margaretslein/Desktop/imerss/MICS_Eelgrass_2009_2022.gdb 3/a00000010.gdbtable|layername=Eelgrass_Poly_2009,2009
41,0,16.96474232,16.16817663,00:00.0,,"Leanna Boyer, John Line, Manda Gryba",On-foot,GPSmap 60csx,,,mud_sand,,Navy Channel Park,medium,C,,1:50pm - 3:50pm,100,,,,,,,,16,F,C,Foot/Kayak & Freediver/Camera Tow,2009,,,,,,,,,,,,,,,,,,,,,a00000010 — Eelgrass_Poly_2009,/Users/margaretslein/Desktop/imerss/MICS_Eelgrass_2009_2022.gdb 3/a00000010.gdbtable|layername=Eelgrass_Poly_2009,2009
42,0,37.13046795,61.53087547,00:00.0,,"Leanna Boyer, John Line, Manda Gryba",On-foot,GPSmap 60csx,,,mud_sand,,Navy Channel Park,,C,,1:50pm - 3:50pm,,,,,,,,,62,F,C,Foot/Kayak & Freediver/Camera Tow,2009,,,,,,,,,,,,,,,,,,,,,a00000010 — Eelgrass_Poly_2009,/Users/margaretslein/Desktop/imerss/MICS_Eelgrass_2009_2022.gdb 3/a00000010.gdbtable|layername=Eelgrass_Poly_2009,2009
43,0,14.03497849,9.506294761,00:00.0,,"Leanna Boyer, John Line, Manda Gryba",On-foot,GPSmap 60csx,,,mud_sand,,Navy Channel Park,low,P,,1:50pm - 3:50pm,100,,,,,100,,,10,F,C,Foot/Kayak & Freediver/Camera Tow,2009,,,,,,,,,,,,,,,,,,,,,a00000010 — Eelgrass_Poly_2009,/Users/margaretslein/Desktop/imerss/MICS_Eelgrass_2009_2022.gdb 3/a00000010.gdbtable|layername=Eelgrass_Poly_2009,2009
44,0,1292.928985,21023.76652,00:00.0,,"Leanna Boyer, Diana Pazdera, Tom Lightfoot",Free diver/Kayak/On-foot,GPSmap 60csx,,,sand_gravel,,Gallagher Bay,low,C,,9:35am - 11:15am,75,medium,25,,,,,,21024,F,C,Foot/Kayak & Freediver/Camera Tow,2009,,,,,,,,,,,,,,,,,,,,,a00000010 — Eelgrass_Poly_2009,/Users/margaretslein/Desktop/imerss/MICS_Eelgrass_2009_2022.gdb 3/a00000010.gdbtable|layername=Eelgrass_Poly_2009,2009
45,0,590.5594784,9564.769315,00:00.0,,Leanna Boyer,Kayak,GPSmap 60csx,,,sand,,David Cove,medium,CP,Large gaps,1:20pm - 1:56pm,100,,,,,,,,9565,F,CP,Foot/Kayak & Freediver/Camera Tow,2009,,,,,,,,,,,,,,,,,,,,,a00000010 — Eelgrass_Poly_2009,/Users/margaretslein/Desktop/imerss/MICS_Eelgrass_2009_2022.gdb 3/a00000010.gdbtable|layername=Eelgrass_Poly_2009,2009
46,0,110.5019762,195.3751668,00:00.0,,Leanna Boyer,Kayak,GPSmap 60csx,,,sand,,Oyster Bay,low,P,,2:14pm - 2:38pm,100,,,,,,,,195,F,P,Foot/Kayak & Freediver/Camera Tow,2009,,,,,,,,,,,,,,,,,,,,,a00000010 — Eelgrass_Poly_2009,/Users/margaretslein/Desktop/imerss/MICS_Eelgrass_2009_2022.gdb 3/a00000010.gdbtable|layername=Eelgrass_Poly_2009,2009
47,0,74.47683848,197.2368005,00:00.0,,Leanna Boyer,Kayak,GPSmap 60csx,,,sand,,Oyster Bay,low,P,,2:14pm - 2:38pm,100,,,,,,,,197,F,P,Foot/Kayak & Freediver/Camera Tow,2009,,,,,,,,,,,,,,,,,,,,,a00000010 — Eelgrass_Poly_2009,/Users/margaretslein/Desktop/imerss/MICS_Eelgrass_2009_2022.gdb 3/a00000010.gdbtable|layername=Eelgrass_Poly_2009,2009
48,0,58.57651982,194.1165582,00:00.0,,"Leanna Boyer, Al Maxwell",Kayak/Boat/Underwater Camera,GPSmap 60csx,,,sand,,Bennett Bay,,C,,1:00pm - 2:30pm,,,,,,,,,194,FR,C,Foot/Kayak & Freediver/Camera Tow,2009,,,,,,,,,,,,,,,,,,,,,a00000010 — Eelgrass_Poly_2009,/Users/margaretslein/Desktop/imerss/MICS_Eelgrass_2009_2022.gdb 3/a00000010.gdbtable|layername=Eelgrass_Poly_2009,2009
49,0,1246.479695,34245.72201,00:00.0,,"Leanna Boyer, Tom Lightfoot",Free diver/Kayak,GPSmap 60csx,,,mud_sand,,Bennett Bay,low,C,,2:34pm - 4:08pm,100,,,,,,,,34246,F,C,Foot/Kayak & Freediver/Camera Tow,2009,,,,,,,,,,,,,,,,,,,,,a00000010 — Eelgrass_Poly_2009,/Users/margaretslein/Desktop/imerss/MICS_Eelgrass_2009_2022.gdb 3/a00000010.gdbtable|layername=Eelgrass_Poly_2009,2009
50,0,500.7228848,4578.435668,00:00.0,,"Leanna Boyer, Nikki Wright, Al Maxwell, Cliff",Boat/Underwater Camera,GPSmap 60csx,,,mud,,Village Bay,high,C,Mixed w/ sargassum and kelp,10:15am - 12:49pm,100,,,,,100,,,4578,F,C,Foot/Kayak & Freediver/Camera Tow,2009,,,,,,,,,,,,,,,,,,,,,a00000010 — Eelgrass_Poly_2009,/Users/margaretslein/Desktop/imerss/MICS_Eelgrass_2009_2022.gdb 3/a00000010.gdbtable|layername=Eelgrass_Poly_2009,2009
51,0,20.33162476,20.7848472,00:00.0,,"Leanna Boyer, John Line, Manda Gybra",On-foot,GPSmap 60csx,,,sand_gravel,,Navy Channel Park,high,C,,1:50pm - 3:50pm,,,,,,,,,21,F,C,Foot/Kayak & Freediver/Camera Tow,2009,,,,,,,,,,,,,,,,,,,,,a00000010 — Eelgrass_Poly_2009,/Users/margaretslein/Desktop/imerss/MICS_Eelgrass_2009_2022.gdb 3/a00000010.gdbtable|layername=Eelgrass_Poly_2009,2009
52,0,51.05928873,114.0178349,00:00.0,,"Leanna Boyer, John Line, Manda Gybra",Kayak/Boat/Underwater Camera,GPSmap 60csx,,,,,Navy Channel Park,high,C,,2:40pm - 4:00pm,,,,,,,,,114,F,C,Foot/Kayak & Freediver/Camera Tow,2009,,,,,,,,,,,,,,,,,,,,,a00000010 — Eelgrass_Poly_2009,/Users/margaretslein/Desktop/imerss/MICS_Eelgrass_2009_2022.gdb 3/a00000010.gdbtable|layername=Eelgrass_Poly_2009,2009
1,0,1433.419917,21607.04275,00:00.0,0.17m @ 10:30,"Leanna Boyer, Rheanna Drennan",Free diver/Kayak/On-foot,GPSmap 62sc,,,sand_mud,Y,Gallagher Bay,,,Algae and Ulva spp. within bed,10:15am - 12:00pm,,,,,,,,,,,,,,C,,,,,,,,,,,,,,,,,,,,a00000011 — Eelgrass_Poly_2013,/Users/margaretslein/Desktop/imerss/MICS_Eelgrass_2009_2022.gdb 3/a00000011.gdbtable|layername=Eelgrass_Poly_2013,2013
1,,307.7579161,3549.997758,00:00.0,1.2m @ 16:06,"Leanna Boyer, Bruce Richmond, Carly, Free Divers",Free diver/Kayak,"GPSmap 62sc, 60csx",,,sand,,Horton Bay,,,,10:25am - 11:35am,,,,,,,,,,,,,,,,,,,,,,,,,,,,,,,,,,a00000013 — Eelgrass_Poly_2015,/Users/margaretslein/Desktop/imerss/MICS_Eelgrass_2009_2022.gdb 3/a00000013.gdbtable|layername=Eelgrass_Poly_2015,2015
2,,20.85346912,17.01981709,00:00.0,1.2m @ 16:06,"Leanna Boyer, Bruce Richmond, Carly, Free Divers",Free diver/Kayak,"GPSmap 62sc, 60csx",,,sand,,Horton Bay,,,,10:25am - 11:35am,,,,,,,,,,,,,,,,,,,,,,,,,,,,,,,,,,a00000013 — Eelgrass_Poly_2015,/Users/margaretslein/Desktop/imerss/MICS_Eelgrass_2009_2022.gdb 3/a00000013.gdbtable|layername=Eelgrass_Poly_2015,2015
3,,30.900275,10.67607585,00:00.0,1.2m @ 16:06,"Leanna Boyer, Bruce Richmond, Carly, Free Divers",Free diver/Kayak,"GPSmap 62sc, 60csx",,,sand,,Horton Bay,,,,10:25am - 11:35am,,,,,,,,,,,,,,,,,,,,,,,,,,,,,,,,,,a00000013 — Eelgrass_Poly_2015,/Users/margaretslein/Desktop/imerss/MICS_Eelgrass_2009_2022.gdb 3/a00000013.gdbtable|layername=Eelgrass_Poly_2015,2015
5,,64.99250394,217.2356318,00:00.0,1.2m @ 16:06,"Leanna Boyer, Bruce Richmond, Carly, Free Divers",Free diver/Kayak,"GPSmap 62sc, 60csx",,,sand,,Horton Bay,,,,10:25am - 11:35am,,,,,,,,,,,,,,,,,,,,,,,,,,,,,,,,,,a00000013 — Eelgrass_Poly_2015,/Users/margaretslein/Desktop/imerss/MICS_Eelgrass_2009_2022.gdb 3/a00000013.gdbtable|layername=Eelgrass_Poly_2015,2015
6,,31.45336853,54.21228506,00:00.0,1.2m @ 16:06,"Leanna Boyer, Bruce Richmond, Carly, Free Divers",Free diver/Kayak,"GPSmap 62sc, 60csx",,,sand,,Horton Bay,,,,10:25am - 11:35am,,,,,,,,,,,,,,,,,,,,,,,,,,,,,,,,,,a00000013 — Eelgrass_Poly_2015,/Users/margaretslein/Desktop/imerss/MICS_Eelgrass_2009_2022.gdb 3/a00000013.gdbtable|layername=Eelgrass_Poly_2015,2015
7,,53.08405515,145.6163089,00:00.0,1.2m @ 16:06,"Leanna Boyer, Bruce Richmond, Carly, Free Divers",Free diver/Kayak,"GPSmap 62sc, 60csx",,,sand,,Horton Bay,,,,10:25am - 11:35am,,,,,,,,,,,,,,,,,,,,,,,,,,,,,,,,,,a00000013 — Eelgrass_Poly_2015,/Users/margaretslein/Desktop/imerss/MICS_Eelgrass_2009_2022.gdb 3/a00000013.gdbtable|layername=Eelgrass_Poly_2015,2015
8,,1944.430554,22345.54659,00:00.0,1.2m @ 16:06,"Leanna Boyer, Bruce Richmond, Carly, Free Divers",Free diver/Kayak,"GPSmap 62sc, 60csx",,,sand,Y,Horton Bay,,,"Shallow more dense than deep, many bare patches",10:25am - 11:35am,,,,,,,,,,,,,,,,,,,,,,,,,,,,,,,,,,a00000013 — Eelgrass_Poly_2015,/Users/margaretslein/Desktop/imerss/MICS_Eelgrass_2009_2022.gdb 3/a00000013.gdbtable|layername=Eelgrass_Poly_2015,2015
9,,187.2026616,634.9050433,00:00.0,1.2m @ 16:06,"Leanna Boyer, Bruce Richmond, Carly, Free Divers",Free diver/Kayak,"GPSmap 62sc, 60csx",,,sand,,Horton Bay,,,,10:25am - 11:35am,,,,,,,,,,,,,,,,,,,,,,,,,,,,,,,,,,a00000013 — Eelgrass_Poly_2015,/Users/margaretslein/Desktop/imerss/MICS_Eelgrass_2009_2022.gdb 3/a00000013.gdbtable|layername=Eelgrass_Poly_2015,2015
1,0,238.6844678,3167.327112,00:00.0,1.2 @ 15:49,Leanna Boyer,Free diver/Kayak,GPSmap 62sc,,,sand_gravel,,Horton Bay,,,,,,,,,,,,,,,,,,,,,,,,,,,,,,,,,,,,,,a00000018 — Eelgrass_Poly_2012,/Users/margaretslein/Desktop/imerss/MICS_Eelgrass_2009_2022.gdb 3/a00000018.gdbtable|layername=Eelgrass_Poly_2012,2012
2,0,29.16504547,50.61793673,00:00.0,1.2 @ 15:49,Leanna Boyer,Free diver/Kayak,GPSmap 62sc,,,sand_gravel,,Horton Bay,,,,,,,,,,,,,,,,,,,,,,,,,,,,,,,,,,,,,,a00000018 — Eelgrass_Poly_2012,/Users/margaretslein/Desktop/imerss/MICS_Eelgrass_2009_2022.gdb 3/a00000018.gdbtable|layername=Eelgrass_Poly_2012,2012
3,0,1896.357495,21439.7519,00:00.0,1.2 @ 15:49,Leanna Boyer,Free diver/Kayak,GPSmap 62sc,,,sand_gravel,,Horton Bay,,,,,,,,,,,,,,,,,,,,,,,,,,,,,,,,,,,,,,a00000018 — Eelgrass_Poly_2012,/Users/margaretslein/Desktop/imerss/MICS_Eelgrass_2009_2022.gdb 3/a00000018.gdbtable|layername=Eelgrass_Poly_2012,2012
4,0,85.78639638,326.1087017,00:00.0,1.2 @ 15:49,Leanna Boyer,Free diver/Kayak,GPSmap 62sc,,,sand_gravel,,Horton Bay,,,,,,,,,,,,,,,,,,,,,,,,,,,,,,,,,,,,,,a00000018 — Eelgrass_Poly_2012,/Users/margaretslein/Desktop/imerss/MICS_Eelgrass_2009_2022.gdb 3/a00000018.gdbtable|layername=Eelgrass_Poly_2012,2012
5,,76.51151804,222.1391939,00:00.0,0.1 @ 12:26,Leanna Boyer,On-foot,GPSmap 62sc,,,sand,,Gallagher Bay,,C,,,,,,,,,P,,,,,,,,,,,,,,,,,,,,,,,,,,,a00000018 — Eelgrass_Poly_2012,/Users/margaretslein/Desktop/imerss/MICS_Eelgrass_2009_2022.gdb 3/a00000018.gdbtable|layername=Eelgrass_Poly_2012,2012
6,,52.97921572,66.77788971,00:00.0,0.1 @ 12:26,Leanna Boyer,On-foot,GPSmap 62sc,,,sand,,Gallagher Bay,,C,,,,,,,,,P,,,,,,,,,,,,,,,,,,,,,,,,,,,a00000018 — Eelgrass_Poly_2012,/Users/margaretslein/Desktop/imerss/MICS_Eelgrass_2009_2022.gdb 3/a00000018.gdbtable|layername=Eelgrass_Poly_2012,2012
1,,594.4808896,8115.057901,00:00.0,0.2m @ 11:31,"Grayson Mortimer, Stephanie Hurst, Carly Palmer",Free diver/Kayak,GPSmap 62sc,,,sand,N,Campbell Bay,medium,P,,11:21am - 12:20pm,90,high,10,,,,,,,,,,,,,,,,,,,,,,,,,,,,,,,a00000027 — Eelgrass_Poly_2016,/Users/margaretslein/Desktop/imerss/MICS_Eelgrass_2009_2022.gdb 3/a00000027.gdbtable|layername=Eelgrass_Poly_2016,2016
2,,834.2171424,11458.96689,00:00.0,1.3m @ 13:37,"Grayson Mortimer, Stephanie Hurst",Free diver/Kayak,GPSmap 62sc,,,mud_sand,N,Piggott Bay,high,C,,12:19pm - 1:44pm,,medium,,,,,,,,,,,,,Eelgrass,,,,,,,,,,,,,,,,,,,a00000027 — Eelgrass_Poly_2016,/Users/margaretslein/Desktop/imerss/MICS_Eelgrass_2009_2022.gdb 3/a00000027.gdbtable|layername=Eelgrass_Poly_2016,2016
3,,136.1364041,122.021309,,<Null>,,,,,,,,,,,End of Survey Area,,,,,,,,,,,,,,,,Endofsurveyzone,,,,,,,,,,,,,,,,,,,a00000027 — Eelgrass_Poly_2016,/Users/margaretslein/Desktop/imerss/MICS_Eelgrass_2009_2022.gdb 3/a00000027.gdbtable|layername=Eelgrass_Poly_2016,2016
4,,97.98309381,320.260714,00:00.0,1.3m @ 13:37,"Leanna Boyer, Stephanie Hurst, Grayson Mortimer",Free diver/Kayak,GPSmap 62sc,,,mud_sand,<Null>,Gallagher Bay,high,C,One of these beds has a video transect,12:40pm - 2:52pm,,,,,,,,,,,,,,,Eelgrass,,,,,,,,,,,,,,,,,,,a00000027 — Eelgrass_Poly_2016,/Users/margaretslein/Desktop/imerss/MICS_Eelgrass_2009_2022.gdb 3/a00000027.gdbtable|layername=Eelgrass_Poly_2016,2016
5,,122.3773615,206.2972739,00:00.0,1.3m @ 13:37,"Leanna Boyer, Stephanie Hurst, Grayson Mortimer",Free diver/Kayak,GPSmap 62sc,,,mud_sand,<Null>,Gallagher Bay,high,C,,12:40pm - 2:52pm,,,,,,,,,,,,,,,Eelgrass,,,,,,,,,,,,,,,,,,,a00000027 — Eelgrass_Poly_2016,/Users/margaretslein/Desktop/imerss/MICS_Eelgrass_2009_2022.gdb 3/a00000027.gdbtable|layername=Eelgrass_Poly_2016,2016
6,,535.8859418,8928.870754,00:00.0,1.3m @ 13:37,"Leanna Boyer, Stephanie Hurst, Grayson Mortimer",Free diver/Kayak,GPSmap 62sc,,,mud_sand,<Null>,Gallagher Bay,high,C,,12:40pm - 2:52pm,,,,,,,,,,,,,,,Eelgrass,,,,,,,,,,,,,,,,,,,a00000027 — Eelgrass_Poly_2016,/Users/margaretslein/Desktop/imerss/MICS_Eelgrass_2009_2022.gdb 3/a00000027.gdbtable|layername=Eelgrass_Poly_2016,2016
7,,528.2775605,10064.15322,00:00.0,1.3m @ 13:37,"Leanna Boyer, Stephanie Hurst, Grayson Mortimer",Free diver/Kayak,GPSmap 62sc,,,mud_sand,<Null>,Gallagher Bay,high,C,,12:40pm - 2:52pm,,,,,,,,,,,,,,,Eelgrass,,,,,,,,,,,,,,,,,,,a00000027 — Eelgrass_Poly_2016,/Users/margaretslein/Desktop/imerss/MICS_Eelgrass_2009_2022.gdb 3/a00000027.gdbtable|layername=Eelgrass_Poly_2016,2016
8,,103.035473,214.5682557,,,,,,,,,,,,,End of Survey Area,,,,,,,,,,,,,,,,Endofsurveyzone,,,,,,,,,,,,,,,,,,,a00000027 — Eelgrass_Poly_2016,/Users/margaretslein/Desktop/imerss/MICS_Eelgrass_2009_2022.gdb 3/a00000027.gdbtable|layername=Eelgrass_Poly_2016,2016
1,,986.0148104,12814.24554,00:00.0,1.8m @ 8:20,"Leanna Boyer, Tom Lightfoot, Izaiah Sheerin",Free diver/Kayak,GPSmap 62sc,,,sand_shell,Y,Miner's Bay,,,Bed becomes thicker closer to Seal Beach,1:30pm - 3:00pm,,,,,,,,,,,,,,,,,,,,,,,,,,,,,,,,,,a00000028 — Eelgrass_Poly_2017,/Users/margaretslein/Desktop/imerss/MICS_Eelgrass_2009_2022.gdb 3/a00000028.gdbtable|layername=Eelgrass_Poly_2017,2017
2,,452.4596899,8387.615724,00:00.0,1.5m @ 8:58,"Abbie Sherwood, Penny, Jean, Eric",Free diver/Kayak,,,,sand,N,Miner's Bay,medium,P,Mapped over 2 days,2:35pm - 3:45pm,,,,,,,,,,,,,,,,,,,,,,,,,,,,,,,,,,a00000028 — Eelgrass_Poly_2017,/Users/margaretslein/Desktop/imerss/MICS_Eelgrass_2009_2022.gdb 3/a00000028.gdbtable|layername=Eelgrass_Poly_2017,2017
4,,862.5798412,20872.36053,00:00.0,0.9m @ 14:31,"Abbie Sherwood, Izaiah Sheerin",Free diver/Kayak,,,,sand,Y,Miner's Bay,<Null>,,,2:00pm - 3:30pm,,,,,,,,,,,,,,,,,,,,,,,,,,,,,,,,,,a00000028 — Eelgrass_Poly_2017,/Users/margaretslein/Desktop/imerss/MICS_Eelgrass_2009_2022.gdb 3/a00000028.gdbtable|layername=Eelgrass_Poly_2017,2017
6,,740.7879882,8145.405961,00:00.0,0.3m @ 11:16,"Abbie Sherwood, Izaiah Sheerin",Free diver/Kayak,"GPSmap 62sc,Trimble 6000",,,,N,Dinner Bay,,,Two mapping units were used to observe error,11:00am - 2:00pm,,,,,,,,,,,,,,,,,,,,,,,,,,,,,,,,,,a00000028 — Eelgrass_Poly_2017,/Users/margaretslein/Desktop/imerss/MICS_Eelgrass_2009_2022.gdb 3/a00000028.gdbtable|layername=Eelgrass_Poly_2017,2017
7,,53.0490157,190.5267046,00:00.0,0.5m @ 13:03,"Abbie Sherwood, Izaiah Sheerin",Free diver/Kayak,"GPSmap 62sc,Trimble 6000",,,,N,Campbell Bay,,,,12:45pm - 4:30pm,,,,,,,,,,,,,,,,,,,,,,,,,,,,,,,,,,a00000028 — Eelgrass_Poly_2017,/Users/margaretslein/Desktop/imerss/MICS_Eelgrass_2009_2022.gdb 3/a00000028.gdbtable|layername=Eelgrass_Poly_2017,2017
8,,714.9933447,4350.586374,00:00.0,0.5m @ 13:03,"Abbie Sherwood, Izaiah Sheerin",Free diver/Kayak,"GPSmap 62sc,Trimble 6000",,,,N,Campbell Bay,,,,12:45pm - 4:30pm,,,,,,,,,,,,,,,,,,,,,,,,,,,,,,,,,,a00000028 — Eelgrass_Poly_2017,/Users/margaretslein/Desktop/imerss/MICS_Eelgrass_2009_2022.gdb 3/a00000028.gdbtable|layername=Eelgrass_Poly_2017,2017
9,,559.3738105,7600.814107,00:00.0,0.5m @ 13:03,"Abbie Sherwood, Izaiah Sheerin",Free diver/Kayak,"GPSmap 62sc,Trimble 6000",,,,N,Campbell Bay,,,,12:45pm - 4:30pm,,,,,,,,,,,,,,,,,,,,,,,,,,,,,,,,,,a00000028 — Eelgrass_Poly_2017,/Users/margaretslein/Desktop/imerss/MICS_Eelgrass_2009_2022.gdb 3/a00000028.gdbtable|layername=Eelgrass_Poly_2017,2017
10,,1171.802922,33951.35554,00:00.0,0.7m @ 13:47,"Abbie Sherwood, Izaiah Sheerin",Free diver/Kayak,"GPSmap 62sc,Trimble 6000",,,,N,Bennett Bay,,,,2:30m - 5:30pm,,,,,,,,,,,,,,,,,,,,,,,,,,,,,,,,,,a00000028 — Eelgrass_Poly_2017,/Users/margaretslein/Desktop/imerss/MICS_Eelgrass_2009_2022.gdb 3/a00000028.gdbtable|layername=Eelgrass_Poly_2017,2017
1,,7.310988421,3.358292196,00:00.0,0.6m @ 11:38,Kelly Fretwell,On-foot,,,,,,Gallagher Bay,,,Small patch,11:55am - 1:00pm,,,,,,,,,,,,,,,,,,,,,,,,,,,,,,,,,,a00000034 — Eelgrass_Poly_2018,/Users/margaretslein/Desktop/imerss/MICS_Eelgrass_2009_2022.gdb 3/a00000034.gdbtable|layername=Eelgrass_Poly_2018,2018
2,,6.334203858,0.48045812,00:00.0,0.6m @ 11:38,Kelly Fretwell,On-foot,,,,,,Gallagher Bay,,,Small patch,11:55am - 1:00pm,,,,,,,,,,,,,,,,,,,,,,,,,,,,,,,,,,a00000034 — Eelgrass_Poly_2018,/Users/margaretslein/Desktop/imerss/MICS_Eelgrass_2009_2022.gdb 3/a00000034.gdbtable|layername=Eelgrass_Poly_2018,2018
3,,10.5908326,5.848205946,00:00.0,0.6m @ 11:38,Kelly Fretwell,On-foot,,,,,,Gallagher Bay,,,,11:55am - 1:00pm,,,,,,,,,,,,,,,,,,,,,,,,,,,,,,,,,,a00000034 — Eelgrass_Poly_2018,/Users/margaretslein/Desktop/imerss/MICS_Eelgrass_2009_2022.gdb 3/a00000034.gdbtable|layername=Eelgrass_Poly_2018,2018
4,,117.2008127,280.97417,00:00.0,0.6m @ 11:38,Kelly Fretwell,On-foot,,,,,,Gallagher Bay,,,"Large amount of algae in bed, uvla spp",11:55am - 1:00pm,,,,,,,,,,,,,,,,,,,,,,,,,,,,,,,,,,a00000034 — Eelgrass_Poly_2018,/Users/margaretslein/Desktop/imerss/MICS_Eelgrass_2009_2022.gdb 3/a00000034.gdbtable|layername=Eelgrass_Poly_2018,2018
5,,125.0813743,281.5256555,00:00.0,0.6m @ 11:38,Kelly Fretwell,On-foot,,,,,,Gallagher Bay,,,,11:55am - 1:00pm,,,,,,,,,,,,,,,,,,,,,,,,,,,,,,,,,,a00000034 — Eelgrass_Poly_2018,/Users/margaretslein/Desktop/imerss/MICS_Eelgrass_2009_2022.gdb 3/a00000034.gdbtable|layername=Eelgrass_Poly_2018,2018
1,,515.4241698,7876.596527,00:00.0,0.6m at 9:24am,"Rob Underhill, Tom Lightfoot, Vancouver Freedivers",Free diver/kayak,GPSmap 62sc,,,Cobble,Y,Gallagher Bay,,,,10:30am-12:30pm,60,medium,40,,,100,,,,,,,,C,,Great,Dense bed with patches of low density exmple SE,Great visibility and very good data,,,,high,,,,,,,,,,,,a00000045 — Eelgrass_Poly_2019_1,/Users/margaretslein/Desktop/imerss/MICS_Eelgrass_2009_2022.gdb 3/a00000045.gdbtable|layername=Eelgrass_Poly_2019_1,2019
2,,189.7587674,722.3350161,00:00.0,0.4m @ 10:04am,"Rob Underhill, Tom Lightfoot",Free diver/kayak,GPSmap 62sc,,,Cobble,N,Gallagher Bay,,,,10:30am-12:30pm,100,,,,,100,,,,<Null>,,,,C,,Great,Reasonably dense patches,Great visibility and very good data,,5,,medium,,,,,,,,,,,,a00000045 — Eelgrass_Poly_2019_1,/Users/margaretslein/Desktop/imerss/MICS_Eelgrass_2009_2022.gdb 3/a00000045.gdbtable|layername=Eelgrass_Poly_2019_1,2019
3,,1371.834381,14941.36097,00:00.0,0.6m at 9:24am,"Rob Underhill, Tom Lightfoot, Vancouver Freedivers",Free diver/kayak,GPSmap 62sc,,,,Y,Gallagher Bay,,,,10:30am-12:30pm,50,high,30,low,20,90,P,10,,,,,,C,,Great,Dense bed with patches of low density exmple SW,Great visibility and very good data,,,,medium,,,,,,,,,,,,a00000045 — Eelgrass_Poly_2019_1,/Users/margaretslein/Desktop/imerss/MICS_Eelgrass_2009_2022.gdb 3/a00000045.gdbtable|layername=Eelgrass_Poly_2019_1,2019
4,,766.3702797,11180.74952,00:00.0,0.4m @ 10.04am,"Andrew Simon, Vancouver Freedivers",Free diver/kayak,GPSmap 62sc,,,Rock,N,Piggot Bay,,,,10:24am-12:00pm,100,,,,,100,,,,,,,,C,,Great,Lots of fish; perch and salmonids. Lush bed,Great visibility and very good data,,,,high,,,,,,,,,,,,a00000045 — Eelgrass_Poly_2019_1,/Users/margaretslein/Desktop/imerss/MICS_Eelgrass_2009_2022.gdb 3/a00000045.gdbtable|layername=Eelgrass_Poly_2019_1,2019
5,,66.04884279,197.6869059,00:00.0,0.4m @ 10.04am,"Andrew Simon, Vancouver Freedivers",Free diver/kayak,GPSmap 62sc,,,,N,Piggot Bay,,,,10:24am-12:00pm,,,,,,100,,,,,,,,C,,Great,,,,,,,,,,,,,,,,,,a00000045 — Eelgrass_Poly_2019_1,/Users/margaretslein/Desktop/imerss/MICS_Eelgrass_2009_2022.gdb 3/a00000045.gdbtable|layername=Eelgrass_Poly_2019_1,2019
6,,225.5025762,2441.482571,00:00.0,0.4m @ 10.04am,"Andrew Simon, Vancouver Freedivers",Free diver/kayak,GPSmap 62sc,,,,N,Piggot Bay,,,,10:24am-12:00pm,,,,,,,,,,,,,,,,Great,Spent time looking in between to confirm gap,,,,,,,,,,,,,,,,,a00000045 — Eelgrass_Poly_2019_1,/Users/margaretslein/Desktop/imerss/MICS_Eelgrass_2009_2022.gdb 3/a00000045.gdbtable|layername=Eelgrass_Poly_2019_1,2019
7,,1351.146446,25259.13579,00:00.0,0.1m @ 11:58pm,"Andrew Simon, Jill Westby",Free diver/kayak,GPSmap 62sc,,,,N,Village Bay,,,,11:00am - 1:30pm,,,,,,,,,,<Null>,,,,,,Good,"Good visibility, dense bed","backshore 100% developed, ferry terminal",6.8,,0,,,,,,,,,,,,,a00000045 — Eelgrass_Poly_2019_1,/Users/margaretslein/Desktop/imerss/MICS_Eelgrass_2009_2022.gdb 3/a00000045.gdbtable|layername=Eelgrass_Poly_2019_1,2019
8,,829.0416794,8988.438419,00:00.0,0.2m @ 1:30pm,"Andrew Simon, Jill Westby",Free diver/kayak,GPSmap 62sc,,,Mixed,N,Miner's Bay,,,,12:15pm - 2:00pm,,,,,,,,,,,,,,,,Good,Mixed eelgrass and kelp bed. Lots of fish/life,"Substrate: large boulders, cobble, sand, mud",8.47,,,,,,,,,,,,,,,a00000045 — Eelgrass_Poly_2019_1,/Users/margaretslein/Desktop/imerss/MICS_Eelgrass_2009_2022.gdb 3/a00000045.gdbtable|layername=Eelgrass_Poly_2019_1,2019
9,,12.25097173,10.04046493,00:00.0,0.1m @ 11:58pm,"Andrew Simon, Jill Westby",Free diver/kayak,GPSmap 62sc,,,,N,Village Bay,,,,11:00am - 1:30pm,,,,,,,,,,,,,,,,Good,"backshore 100% developed, ferry terminal",,,,,,,,,,,,,,,,,a00000045 — Eelgrass_Poly_2019_1,/Users/margaretslein/Desktop/imerss/MICS_Eelgrass_2009_2022.gdb 3/a00000045.gdbtable|layername=Eelgrass_Poly_2019_1,2019
10,,14.44976957,13.73467034,00:00.0,0.1m @ 11:58pm,"Andrew Simon, Jill Westby",Free diver/kayak,GPSmap 62sc,,,,N,Village Bay,,,,11:00am - 1:30pm,,,,,,,,,,,,,,,,Good,"backshore 100% developed, ferry terminal",,,,,,,,,,,,,,,,,a00000045 — Eelgrass_Poly_2019_1,/Users/margaretslein/Desktop/imerss/MICS_Eelgrass_2009_2022.gdb 3/a00000045.gdbtable|layername=Eelgrass_Poly_2019_1,2019
11,,905.8100552,9126.414546,00:00.0,0.4m @ 11:30am,"Rob Underhill, Jill Westby, Andrew Simon",Free diver/kayak,GPSmap 62sc,,,mud,N,Port Washington,,,,10:30am - 1:00pm,80,medium,20,,,100,,,,,,,,C,,Great,Dense bed. Great visibility,,3,5.5,,high,,,,,,,,,,,,a00000045 — Eelgrass_Poly_2019_1,/Users/margaretslein/Desktop/imerss/MICS_Eelgrass_2009_2022.gdb 3/a00000045.gdbtable|layername=Eelgrass_Poly_2019_1,2019
12,,228.7465101,1455.838153,00:00.0,0.4m @ 11:30am,"Rob Underhill, Jill Westby, Andrew Simon",Free diver/kayak,GPSmap 62sc,,,Mud,N,Port Washington,,,,10:30am - 1:00pm,60,low,40,,,60,C,40,,,,,,P,,Good,patchy bed mixed with kelp,,,,,medium,,,,,,,,,,,,a00000045 — Eelgrass_Poly_2019_1,/Users/margaretslein/Desktop/imerss/MICS_Eelgrass_2009_2022.gdb 3/a00000045.gdbtable|layername=Eelgrass_Poly_2019_1,2019
13,,475.4317341,4577.787908,00:00.0,0.4m @ 11:30am,"Rob Underhill, Jill Westby, Andrew Simon",Free diver/kayak,GPSmap 62sc,,,,N,Port Washington,,,,10:30am - 1:00pm,80,high,20,,,90,P,10,,,,,,C,,Great,Dense bed. Great visibility,,,,,medium,,,,,,,,,,,,a00000045 — Eelgrass_Poly_2019_1,/Users/margaretslein/Desktop/imerss/MICS_Eelgrass_2009_2022.gdb 3/a00000045.gdbtable|layername=Eelgrass_Poly_2019_1,2019
14,,38.73441618,109.2501395,00:00.0,0.4m @ 11:30am,"Rob Underhill, Jill Westby, Andrew Simon",Free diver/kayak,GPSmap 62sc,,,,N,Port Washington,,,,10:30am - 1:00pm,,,,,,,,,,,,,,,,Great,Dense bed. Great visibility,,,,,,,,,,,,,,,,,a00000045 — Eelgrass_Poly_2019_1,/Users/margaretslein/Desktop/imerss/MICS_Eelgrass_2009_2022.gdb 3/a00000045.gdbtable|layername=Eelgrass_Poly_2019_1,2019
15,,192.9179635,1095.558009,00:00.0,0.4m @ 11:30am,"Rob Underhill, Jill Westby, Andrew Simon",Free diver/kayak,GPSmap 62sc,,,,N,Port Washington,,,,10:30am - 1:00pm,,,,,,,,,,,,,,,,Great,Dense bed. Great visibility,,,,,,,,,,,,,,,,,a00000045 — Eelgrass_Poly_2019_1,/Users/margaretslein/Desktop/imerss/MICS_Eelgrass_2009_2022.gdb 3/a00000045.gdbtable|layername=Eelgrass_Poly_2019_1,2019
16,,146.5139412,509.0267035,00:00.0,0.6m @ 12:43pm,Rob Underhill,Free diver/kayak,GPSmap 62sc,,,,N,Otter Bay,,,,12:00pm - 12::30pm,100,,,,,100,,,,,,,,C,,,"Dense bed, mapped by kayak",visible from surface,,6,,high,,,,,,,,,,,,a00000045 — Eelgrass_Poly_2019_1,/Users/margaretslein/Desktop/imerss/MICS_Eelgrass_2009_2022.gdb 3/a00000045.gdbtable|layername=Eelgrass_Poly_2019_1,2019
17,,100.2892753,358.9618104,00:00.0,0.6m @ 12:43pm,Rob Underhill,Free diver/kayak,GPSmap 62sc,,,,N,Otter Bay,,,,12:00pm - 12::30pm,100,,,,,100,,,,,,,,C,,,"Dense bed, mapped by kayak",visible from surface,,,,high,,,,,,,,,,,,a00000045 — Eelgrass_Poly_2019_1,/Users/margaretslein/Desktop/imerss/MICS_Eelgrass_2009_2022.gdb 3/a00000045.gdbtable|layername=Eelgrass_Poly_2019_1,2019
18,,57.38151559,127.3965834,00:00.0,0.6m @ 12:43pm,Rob Underhill,Free diver/kayak,GPSmap 62sc,,,,N,Otter Bay,,,,12:00pm - 12::30pm,100,,,,,100,,,,,,,,C,,,"Dense bed, mapped by kayak",visible from surface,,,,high,,,,,,,,,,,,a00000045 — Eelgrass_Poly_2019_1,/Users/margaretslein/Desktop/imerss/MICS_Eelgrass_2009_2022.gdb 3/a00000045.gdbtable|layername=Eelgrass_Poly_2019_1,2019
19,,1469.523392,21560.65553,00:00.0,0.6m @ 12:43pm,Andrew Simon and Jill Westby,Free diver/kayak,GPSmap 62sc,,,,N,Otter Bay,,,,11:15am - 2:30pm,70,medium,20,low,10,70,P,30,,,,,,C,,Poor,Mostly dense bed,,8.9,6.5,,high,,,,,,,,,,,,a00000045 — Eelgrass_Poly_2019_1,/Users/margaretslein/Desktop/imerss/MICS_Eelgrass_2009_2022.gdb 3/a00000045.gdbtable|layername=Eelgrass_Poly_2019_1,2019
20,,482.2765641,3247.854917,00:00.0,0.6m @ 12:43pm,Andrew Simon and Jill Westby,Free diver/kayak,GPSmap 62sc,,,Mud/Sand,N,Otter Bay,,,,11:15am - 2:30pm,60,low,40,,,80,C,20,,,,,,P,,,"Sparse, low density bed",,,,,medium,,,,,,,,,,,,a00000045 — Eelgrass_Poly_2019_1,/Users/margaretslein/Desktop/imerss/MICS_Eelgrass_2009_2022.gdb 3/a00000045.gdbtable|layername=Eelgrass_Poly_2019_1,2019
21,,420.9702562,3723.258255,00:00.0,0.7m @ 1:18pm,Rob Underhill,Free diver/kayak,GPSmap 62sc,,,,N,Otter Bay,,,,12:30pm - 1:30pm,80,medium,20,,,100,,,,,,,,C,,Good,Dense bed other than southeast corner,All visible from surface. Deep edge 1.5m,1.5,,,high,,,,,,,,,,,,a00000045 — Eelgrass_Poly_2019_1,/Users/margaretslein/Desktop/imerss/MICS_Eelgrass_2009_2022.gdb 3/a00000045.gdbtable|layername=Eelgrass_Poly_2019_1,2019
22,,69.20286401,215.0209634,00:00.0,0.7m @ 1:18pm,Rob Underhill,Free diver/kayak,GPSmap 62sc,,,,N,Otter Bay,,,,12:30pm - 1:30pm,100,,,,,100,,,,,,,,C,,Good,Dense bed,All visible from surface,,,,high,,,,,,,,,,,,a00000045 — Eelgrass_Poly_2019_1,/Users/margaretslein/Desktop/imerss/MICS_Eelgrass_2009_2022.gdb 3/a00000045.gdbtable|layername=Eelgrass_Poly_2019_1,2019
23,,1099.339886,20107.71751,00:00.0,0.2m @ 10:16am,Rob Underhill and Andrew Simon,Free diver/kayak,GPSmap 62sc,,,,N,Clam Bay,,,,8:58am - 10:37am,60,high,30,low,10,80,P,20,,,,,,C,,Great,"Dense bed, becoming patchy on the farshore edge",Great visibility and data. Perfect conditions.,4.4,,,medium,,,,,,,,,,,,a00000045 — Eelgrass_Poly_2019_1,/Users/margaretslein/Desktop/imerss/MICS_Eelgrass_2009_2022.gdb 3/a00000045.gdbtable|layername=Eelgrass_Poly_2019_1,2019
24,,165.7624051,574.1677136,00:00.0,0.2m @ 10:16am,Rob Underhill and Andrew Simon,Free diver/kayak,GPSmap 62sc,,,,N,Clam Bay,,,,8:58am - 10:37am,100,,,,,100,,,,,,,,C,,Great,Dense bed,,,,,high,,,,,,,,,,,,a00000045 — Eelgrass_Poly_2019_1,/Users/margaretslein/Desktop/imerss/MICS_Eelgrass_2009_2022.gdb 3/a00000045.gdbtable|layername=Eelgrass_Poly_2019_1,2019
25,,1124.97827,18119.35992,00:00.0,0.1m @ 11:00am,"R. Underhill, A. Simon, Savanna Young",Free diver/kayak,GPSmap 62sc,,,,N,Irish Bay,,,,9:48am - 11:56am,50,high,40,low,10,80,P,20,,,,,,C,,Great,Mostly dense bed. Patchy in narrow bay nearshore,Great conditions for survey,2.8,,,medium,,,,,,,,,,,,a00000045 — Eelgrass_Poly_2019_1,/Users/margaretslein/Desktop/imerss/MICS_Eelgrass_2009_2022.gdb 3/a00000045.gdbtable|layername=Eelgrass_Poly_2019_1,2019
26,,361.9682351,3191.255623,00:00.0,0.1m @ 11:00am,"R. Underhill, A. Simon, Savanna Young",Free diver/kayak,GPSmap 62sc,,,,N,Irish Bay,,,,9:48am - 11:56am,60,medium,40,,,100,,,,,,,,C,,,Dense bed,,,,,high,,,,,,,,,,,,a00000045 — Eelgrass_Poly_2019_1,/Users/margaretslein/Desktop/imerss/MICS_Eelgrass_2009_2022.gdb 3/a00000045.gdbtable|layername=Eelgrass_Poly_2019_1,2019
27,,878.9550282,9611.686332,00:00.0,0.1m @ 11:00am,"R. Underhill, A. Simon, Savanna Young",Free diver/kayak,GPSmap 62sc,,,,N,Irish Bay,,,,9:48am - 11:56am,70,medium,20,low,10,80,P,20,,,,,,C,,,Dense except for sparse at west end,,3.7,,0.3,high,,,,,,,,,,,,a00000045 — Eelgrass_Poly_2019_1,/Users/margaretslein/Desktop/imerss/MICS_Eelgrass_2009_2022.gdb 3/a00000045.gdbtable|layername=Eelgrass_Poly_2019_1,2019
28,,862.2490085,9886.720015,00:00.0,0.7m @ 10:48am,Andrew Simon and Jill Westby,Free diver/kayak,GPSmap 62sc,,,,N,Montague Harbour,,,,9:20am-11:30am,70,medium,30,,,100,,,,,,,,C,,Good,dense bed,good visibility,5.3,,,high,,,,,,,,,,,,a00000045 — Eelgrass_Poly_2019_1,/Users/margaretslein/Desktop/imerss/MICS_Eelgrass_2009_2022.gdb 3/a00000045.gdbtable|layername=Eelgrass_Poly_2019_1,2019
29,,27.44231061,49.53179442,00:00.0,0.7m @ 10:48am,Andrew Simon and Jill Westby,Free diver/kayak,GPSmap 62sc,,,,N,Montague Harbour,,,,9:20am-11:30am,,,,,,,,,,,,,,,,Good,dense bed,good visibility,,,,,,,,,,,,,,,,a00000045 — Eelgrass_Poly_2019_1,/Users/margaretslein/Desktop/imerss/MICS_Eelgrass_2009_2022.gdb 3/a00000045.gdbtable|layername=Eelgrass_Poly_2019_1,2019
30,,40.97323615,106.3409224,00:00.0,0.7m @ 10:48am,Andrew Simon and Jill Westby,Free diver/kayak,GPSmap 62sc,,,,N,Montague Harbour,,,,9:20am-11:30am,,,,,,,,,,,,,,,,Good,dense bed,good visibility,,,,,,,,,,,,,,,,a00000045 — Eelgrass_Poly_2019_1,/Users/margaretslein/Desktop/imerss/MICS_Eelgrass_2009_2022.gdb 3/a00000045.gdbtable|layername=Eelgrass_Poly_2019_1,2019
31,,594.714689,5356.712489,00:00.0,0.7m @ 10:48am,Andrew Simon and Jill Westby,Free diver/kayak,GPSmap 62sc,,,,N,Montague Harbour,,,,9:20am-11:30am,70,medium,30,,,100,,,,,,,,C,,Good,dense bed,good visibility,6.9,,,high,,,,,,,,,,,,a00000045 — Eelgrass_Poly_2019_1,/Users/margaretslein/Desktop/imerss/MICS_Eelgrass_2009_2022.gdb 3/a00000045.gdbtable|layername=Eelgrass_Poly_2019_1,2019
1,,110.4117734,357.5844148,00:00.0,0.9m @ 10:46,"Rob Underhill, Joel Lavigueur, Charlotte Matthews",Free diver/kayak,GPSmap 62sc,,,sand_shell,N,Naylor Bay,,,,9:37am - 12:15pm,100,,,,,,,,,,,,,P,,Good,,,,6,,low,Mixed w/ kelp.,,,,,,,,,,,a00000046 — Eelgrass_Poly_2020_1,/Users/margaretslein/Desktop/imerss/MICS_Eelgrass_2009_2022.gdb 3/a00000046.gdbtable|layername=Eelgrass_Poly_2020_1,2020
2,,1161.997997,18644.66919,00:00.0,0.9m @ 10:46,"Rob Underhill, Joel Lavigueur, Charlotte Matthews",Free diver/kayak,GPSmap 62sc,,,sand_shell,N,Naylor Bay,,,,9:37am - 12:15pm,60,high,30,low,30,,,,,,,,,P,,Good,,,3.3,6,-1,medium,Increasingly patchy from E to W.,,,,,,,,,,,a00000046 — Eelgrass_Poly_2020_1,/Users/margaretslein/Desktop/imerss/MICS_Eelgrass_2009_2022.gdb 3/a00000046.gdbtable|layername=Eelgrass_Poly_2020_1,2020
3,,956.0585957,24177.22921,00:00.0,0.5m @ 10.40,"Rob Underhill, Joel Lavigueur, Charlotte Matthews",Free diver/kayak,GPSmap 62sc,,,sand_mud,Y,Bricky Bay,,,,9:30am - 11:33am,100,,,,,,,,,,,,,C,,Variable,,,3.4,6,-0.4,high,Mixed w/ kelp. 2 mooring buoys inside bed.,Backshore 60% developed.,,,,,,,,,,a00000046 — Eelgrass_Poly_2020_1,/Users/margaretslein/Desktop/imerss/MICS_Eelgrass_2009_2022.gdb 3/a00000046.gdbtable|layername=Eelgrass_Poly_2020_1,2020
4,,248.0454008,2048.788456,00:00.0,0.2m @ 12:26,Joel Lavigueur,Free diver/kayak,GPSmap 62sc,,,sand,Y,Welcome Bay,,,,11:15am - 12:11pm,100,,,,,,,,,,,,,P,,Good,,,1.6,5,0,medium,Mixed w/kelp,Some denser patched deeper out of polygon.,,,,,,,,,,a00000046 — Eelgrass_Poly_2020_1,/Users/margaretslein/Desktop/imerss/MICS_Eelgrass_2009_2022.gdb 3/a00000046.gdbtable|layername=Eelgrass_Poly_2020_1,2020
5,,267.9092037,3036.53334,00:00.0,0.2m @ 12:26,"Rob Underhill, Joel Lavigueur, Charlotte Matthews",Free diver/kayak,GPSmap 62sc,,,sand_shell,Y,Welcome Bay,,,,11:15am - 12:11pm,100,,,,,,,,,,,,,C,,Good,,,2.8,5,-0.2,medium,,,,,,,,,,,,a00000046 — Eelgrass_Poly_2020_1,/Users/margaretslein/Desktop/imerss/MICS_Eelgrass_2009_2022.gdb 3/a00000046.gdbtable|layername=Eelgrass_Poly_2020_1,2020
6,,68.4086998,163.4987927,00:00.0,0.7m @ 8:55,"Rob Underhill, Joel Lavigueur, Charlotte Matthews",Free diver/kayak,GPSmap 60csx,,,sand_mud,N,Parker Is North,,,,7:55am - 9:30am,100,,,,,,,,,,,,,C,,Poor,,,,2.5,,high,Mixed w/ kelp/algae. Kelp/algae covers substrate.,,,,,,,,,,,a00000046 — Eelgrass_Poly_2020_1,/Users/margaretslein/Desktop/imerss/MICS_Eelgrass_2009_2022.gdb 3/a00000046.gdbtable|layername=Eelgrass_Poly_2020_1,2020
7,,34.40584188,44.55583288,00:00.0,0.7m @ 8:55,"Rob Underhill, Joel Lavigueur, Charlotte Matthews",Free diver/kayak,GPSmap 60csx,,,sand_mud,N,Parker Is North,,,,7:55am - 9:30am,100,,,,,,,,,,,,,C,,Poor,,,,2.5,,high,Mixed w/ kelp and algae.,,,,,,,,,,,a00000046 — Eelgrass_Poly_2020_1,/Users/margaretslein/Desktop/imerss/MICS_Eelgrass_2009_2022.gdb 3/a00000046.gdbtable|layername=Eelgrass_Poly_2020_1,2020
12,,1427.998966,19723.77912,00:00.0,0.7m @ 8:55,"Rob Underhill, Joel Lavigueur, Charlotte Matthews",Free diver/kayak,GPSmap 60csx,,,sand_mud,Y,Parker Is North,,,,7:55am - 9:30am,100,,,,,,,,,,,,,C,,Poor,,,3.1,2.5,-0.7,high,"One boathouse, dock and 2 buoys present.","Sand/shell beach, 10% developed backshore.",,,,,,,,,,a00000046 — Eelgrass_Poly_2020_1,/Users/margaretslein/Desktop/imerss/MICS_Eelgrass_2009_2022.gdb 3/a00000046.gdbtable|layername=Eelgrass_Poly_2020_1,2020
22,,47.2264827,62.38636695,00:00.0,0.7m @ 8:55,"Rob Underhill, Joel Lavigueur, Charlotte Matthews",Free diver/kayak,GPSmap 60csx,,,sand_mud,N,Parker Is North,,,,7:55am - 9:30am,100,,,,,,,,,,,,,C,,Poor,,,,2.5,,high,Mixed with kelp and algae,,,,,,,,,,,a00000046 — Eelgrass_Poly_2020_1,/Users/margaretslein/Desktop/imerss/MICS_Eelgrass_2009_2022.gdb 3/a00000046.gdbtable|layername=Eelgrass_Poly_2020_1,2020
23,,419.6764621,2286.390436,00:00.0,0.7m @ 9:38,"Rob Underhill, Joel Lavigueur, Charlotte Matthews",Free diver/kayak,GPSmap 60csx,,,sand_shell,N,Parker Is South,,,,8:30am - 11:05am,100,,,,,,,,,,,,,C,,Poor,,,,3,,high,Mixed with kelp and algae,,,,,,,,,,,a00000046 — Eelgrass_Poly_2020_1,/Users/margaretslein/Desktop/imerss/MICS_Eelgrass_2009_2022.gdb 3/a00000046.gdbtable|layername=Eelgrass_Poly_2020_1,2020
25,,45.15827025,115.6866445,00:00.0,0.7m @ 9:38,Rob Underhill,Kayak,GPSmap 60csx,,,sand_shell,N,Parker Is South,,,,8:30am - 11:05am,100,,,,,100,,,,,,,,C,,Poor,,,-0.2,3,-0.4,high,West of patch is large metal wreck,Covered in bubble snail eggs,,,,,,,,,,a00000046 — Eelgrass_Poly_2020_1,/Users/margaretslein/Desktop/imerss/MICS_Eelgrass_2009_2022.gdb 3/a00000046.gdbtable|layername=Eelgrass_Poly_2020_1,2020
26,,104.8458207,418.1134914,00:00.0,0.7m @ 9:38,"Rob Underhill, Joel Lavigueur, Charlotte Matthews",Free diver/kayak,GPSmap 60csx,,,sand_shell,N,Parker Is South,,,,8:30am - 11:05am,60,high,40,,,100,,,,,,,,P,,Poor,,,0.5,3,,low,North east of this patch is large metal wreck,,,,,,,,,,,a00000046 — Eelgrass_Poly_2020_1,/Users/margaretslein/Desktop/imerss/MICS_Eelgrass_2009_2022.gdb 3/a00000046.gdbtable|layername=Eelgrass_Poly_2020_1,2020
27,,100.0479822,430.8148584,00:00.0,0.7m @ 9:38,"Rob Underhill, Joel Lavigueur,",Free diver/kayak,GPSmap 60csx,,,sand_shell,N,Parker Is South,,,,8:30am - 11:05am,100,,,,,100,,,,,,,,C,,Poor,,,1.2,3,,high,,,,,,,,,,,,a00000046 — Eelgrass_Poly_2020_1,/Users/margaretslein/Desktop/imerss/MICS_Eelgrass_2009_2022.gdb 3/a00000046.gdbtable|layername=Eelgrass_Poly_2020_1,2020
28,,1214.865806,11546.09163,00:00.0,0.7m @ 9:38,"Rob Underhill, Joel Lavigueur, Charlotte Matthews",Free diver/kayak,GPSmap 60csx,,,sand_shell,Y,Parker Is South,,,,8:30am - 11:05am,80,medium,10,low,10,80,P,20,,,,,,C,,Poor,,,3,3,-0.3,high,Become sparse at fringing SW end,"4 docks in bed, backshore: 20% veg loss",,,,,,,,,,a00000046 — Eelgrass_Poly_2020_1,/Users/margaretslein/Desktop/imerss/MICS_Eelgrass_2009_2022.gdb 3/a00000046.gdbtable|layername=Eelgrass_Poly_2020_1,2020
29,,56.68386174,164.8436079,00:00.0,0.7m @ 9:38,"Rob Underhill, Joel Lavigueur",Free diver/kayak,GPSmap 60csx,,,sand_shell,N,Parker Is South,,,,8:30am - 11:05am,100,,,,,,,,,,,,,C,,Poor,,,,3,,low,,,,,,,,,,,,a00000046 — Eelgrass_Poly_2020_1,/Users/margaretslein/Desktop/imerss/MICS_Eelgrass_2009_2022.gdb 3/a00000046.gdbtable|layername=Eelgrass_Poly_2020_1,2020
33,,407.7950466,6863.336534,00:00.0,0.2m @ 13:08,"Rob Underhill, Joel Lavigueur, Charlotte Matthews",Free diver/kayak,GPSmap 60csx,,,mud,Y,Murchinson Cove,,,,11:55am - 2:14pm,50,low,40,high,10,60,P,40,,,,,,C,,Poor,,,3.1,3,0.1,medium,,,,,,,,,,,,a00000046 — Eelgrass_Poly_2020_1,/Users/margaretslein/Desktop/imerss/MICS_Eelgrass_2009_2022.gdb 3/a00000046.gdbtable|layername=Eelgrass_Poly_2020_1,2020
34,,1205.776606,19629.88002,00:00.0,0.3m @13:07,"Rob Underhill, Joel Lavigueur, Charlotte Matthews",Free diver/kayak,GPSmap 60csx,,,sand_mud,Y,Veruna Bay,,,,11:45am - 2:00pm,60,medium,30,low,10,80,P,20,,,,,,C,,Good,,,4,4.5,,high,"Backshore: Public access beach, 3-4 houses",Underwater cable present,,,,,,,,,,a00000046 — Eelgrass_Poly_2020_1,/Users/margaretslein/Desktop/imerss/MICS_Eelgrass_2009_2022.gdb 3/a00000046.gdbtable|layername=Eelgrass_Poly_2020_1,2020
36,,40.23365037,76.06731208,00:00.0,0.3m @13:07,Rob Underhill,Kayak,GPSmap 60csx,,,sand_mud,N,Veruna Bay,,,,11:45am - 2:00pm,100,,,,,100,,,,,,,,C,,Good,,,,4.5,,low,,,,,,,,,,,,a00000046 — Eelgrass_Poly_2020_1,/Users/margaretslein/Desktop/imerss/MICS_Eelgrass_2009_2022.gdb 3/a00000046.gdbtable|layername=Eelgrass_Poly_2020_1,2020
37,,33.55888694,64.6038674,00:00.0,0.3m @13:07,Rob Underhill,Kayak,GPSmap 60csx,,,sand_mud,N,Veruna Bay,,,,11:45am - 2:00pm,100,,,,,100,,,,,,,,C,,Good,,,,4.5,0.5,high,,,,,,,,,,,,a00000046 — Eelgrass_Poly_2020_1,/Users/margaretslein/Desktop/imerss/MICS_Eelgrass_2009_2022.gdb 3/a00000046.gdbtable|layername=Eelgrass_Poly_2020_1,2020
40,,9.140482393,6.397726215,00:00.0,0.3m @13:07,Joel Lavigueur,Kayak,GPSmap 60csx,,,sand_mud,N,Veruna Bay,,,,11:45am - 2:00pm,100,,,,,100,,,,,,,,C,,Good,,,,4.5,0.4,medium,,,,,,,,,,,,a00000046 — Eelgrass_Poly_2020_1,/Users/margaretslein/Desktop/imerss/MICS_Eelgrass_2009_2022.gdb 3/a00000046.gdbtable|layername=Eelgrass_Poly_2020_1,2020
42,,38.46198468,72.04813112,00:00.0,0.3m @13:07,Joel Lavigueur,Kayak,GPSmap 60csx,,,sand_mud,N,Veruna Bay,,,,11:45am - 2:00pm,80,high,20,,,100,,,,,,,,C,,Good,,,,4.5,,medium,,,,,,,,,,,,a00000046 — Eelgrass_Poly_2020_1,/Users/margaretslein/Desktop/imerss/MICS_Eelgrass_2009_2022.gdb 3/a00000046.gdbtable|layername=Eelgrass_Poly_2020_1,2020
43,,106.9121879,462.6592388,00:00.0,0.3m @13:07,Joel Lavigueur,Kayak,GPSmap 60csx,,,sand_mud,N,Veruna Bay,,,,11:45am - 2:00pm,90,low,10,,,100,,,,,,,,C,,Good,,,,4.5,0.8,high,,,,,,,,,,,,a00000046 — Eelgrass_Poly_2020_1,/Users/margaretslein/Desktop/imerss/MICS_Eelgrass_2009_2022.gdb 3/a00000046.gdbtable|layername=Eelgrass_Poly_2020_1,2020
44,,1271.388501,16941.32078,00:00.0,0.4m @ 12:52,"Rob Underhill, Joel Lavigueur, Charlotte Matthews",Free diver/kayak,GPSmap 60csx,,,sand_cobble,Y,Shingle Point,,,,11:15am - 2:00pm,80,medium,10,low,10,80,P,20,,,,,,C,,Great,,,,6,-0.5,high,Some intertidal edges mixed with Z. japonica,,,,,,,,,,,a00000046 — Eelgrass_Poly_2020_1,/Users/margaretslein/Desktop/imerss/MICS_Eelgrass_2009_2022.gdb 3/a00000046.gdbtable|layername=Eelgrass_Poly_2020_1,2020
45,,1528.449256,15228.91548,00:00.0,0.4m @ 12:52,"Rob Underhill, Joel Lavigueur, Charlotte Matthews",Free diver/kayak,GPSmap 60csx,,,sand_mud,Y,Shingle Point,,,,11:15am - 2:00pm,90,medium,10,,,90,P,10,,,,,,C,,Great,,,3,6,-0.7,high,"Very lush, high biotic diversity bed","Mixed w/ kelp & ulva spp, rocks, boulders, shells",,,,,,,,,,a00000046 — Eelgrass_Poly_2020_1,/Users/margaretslein/Desktop/imerss/MICS_Eelgrass_2009_2022.gdb 3/a00000046.gdbtable|layername=Eelgrass_Poly_2020_1,2020
46,,1376.773352,14868.68171,00:00.0,0.6m @ 13:16,"Rob Underhill, Joel Lavigueur, Charlotte Matthews",Free diver/kayak,GPSmap 60csx,,,sand_mud,Y,Cardale Point,,,,12:30pm - 2:30pm,90,medium,10,,,80,P,20,,,,,,C,,Good,,,2.9,3.5,,high,Intertidal edges mixed with Z. japonica,"Mixed substrate: cobble, sand, mud, shell",,,,,,,,,,a00000046 — Eelgrass_Poly_2020_1,/Users/margaretslein/Desktop/imerss/MICS_Eelgrass_2009_2022.gdb 3/a00000046.gdbtable|layername=Eelgrass_Poly_2020_1,2020
48,,10.15675555,7.926232953,00:00.0,0.6m @ 13:16,"Rob Underhill, Joel Lavigueur, Charlotte Matthews",Free diver/kayak,GPSmap 60csx,,,sand_cobble,N,Cardale Point,,,,12:30pm - 2:30pm,100,,,,,,,,,,,,,,,Good,,,,,,high,3 m wide patch,,,,,,,,,,,a00000046 — Eelgrass_Poly_2020_1,/Users/margaretslein/Desktop/imerss/MICS_Eelgrass_2009_2022.gdb 3/a00000046.gdbtable|layername=Eelgrass_Poly_2020_1,2020
49,,92.38731734,322.198891,00:00.0,0.9m @ 14:56,"Rob Underhill, Joel Lavigueur, Charlotte Matthews",Free diver/kayak,GPSmap 60csx,,,sand,N,Dewhiller Point,,,,1:00pm - 2:30pm,90,medium,10,,,75,P,25,,,,,,C,,Great,,,,6,,high,Small nearshore patch,,,,,,,,,,,a00000046 — Eelgrass_Poly_2020_1,/Users/margaretslein/Desktop/imerss/MICS_Eelgrass_2009_2022.gdb 3/a00000046.gdbtable|layername=Eelgrass_Poly_2020_1,2020
50,,1134.826218,22495.60322,00:00.0,0.9m @ 14:56,"Rob Underhill, Joel Lavigueur, Charlotte Matthews",Free diver/kayak,GPSmap 60csx,,,sand,Y,Dewhiller Point,,,,1:00pm - 2:30pm,70,medium,20,high,10,80,C,20,,,,,,P,,Great,,,,6,,low,Many small isolated patches outside of bed,Bed delineation does not include large gaps in bed,,,,,,,,,,a00000046 — Eelgrass_Poly_2020_1,/Users/margaretslein/Desktop/imerss/MICS_Eelgrass_2009_2022.gdb 3/a00000046.gdbtable|layername=Eelgrass_Poly_2020_1,2020
51,,85.45832217,273.1441821,00:00.0,0.4m @ 13:33,"Rob Underhill, Eli del Valle",Free diver/kayak,GPSmap 60csx,,,sand_cobble,N,Maple Bay,,,,12:25pm - 12:50pm,80,medium,20,,,100,,,,,,,,C,,Poor,,,1.9,,0.9,high,"Small bed, surrounded by bull kelp",,,,,,,,,,,a00000046 — Eelgrass_Poly_2020_1,/Users/margaretslein/Desktop/imerss/MICS_Eelgrass_2009_2022.gdb 3/a00000046.gdbtable|layername=Eelgrass_Poly_2020_1,2020
52,,923.6525919,11474.77492,00:00.0,1.1m @ 8:03,"Rob Underhill, Joel Lavigueur, Charlotte Matthews",Free diver/kayak,GPSmap 60csx,,,sand_mud,N,Miner's Bay,,,,8:45am - 10:00am,,,,,,,,,,,,,,,,Poor,,,4.2,,-0.6,,Z. japonica mixed in nearshore,,,,,,,,,,,a00000046 — Eelgrass_Poly_2020_1,/Users/margaretslein/Desktop/imerss/MICS_Eelgrass_2009_2022.gdb 3/a00000046.gdbtable|layername=Eelgrass_Poly_2020_1,2020
53,,140.3592828,921.4364398,00:00.0,0.6m @ 12:47,"Rob Underhill, Joel Lavigueur, Charlotte Matthews",Free diver/kayak,GPSmap 60csx,,,sand_mud,N,Winter Cove,,,,12:45pm - 2:44pm,100,,,,,100,,,,,,,,C,,Poor,,,2,2,0.8,high,Shells on substrate. Mixed with kelp & algae.,"Backshore: sloped beach, undeveloped",,,,,,,,,,a00000046 — Eelgrass_Poly_2020_1,/Users/margaretslein/Desktop/imerss/MICS_Eelgrass_2009_2022.gdb 3/a00000046.gdbtable|layername=Eelgrass_Poly_2020_1,2020
54,,91.01199339,233.9894103,00:00.0,0.6m @ 12:47,"Rob Underhill, Joel Lavigueur, Charlotte Matthews",Free diver/kayak,GPSmap 60csx,,,sand_mud,N,Winter Cove,,,,12:45pm - 2:44pm,50,high,50,,,80,P,20,,,,,,C,,Poor,,,2.2,2,0.6,medium,Shells on substrate. Mixed with kelp & algae.,,,,,,,,,,,a00000046 — Eelgrass_Poly_2020_1,/Users/margaretslein/Desktop/imerss/MICS_Eelgrass_2009_2022.gdb 3/a00000046.gdbtable|layername=Eelgrass_Poly_2020_1,2020
56,,57.37884594,194.8925352,00:00.0,0.6m @ 12:47,"Rob Underhill, Joel Lavigueur, Charlotte Matthews",Free diver/kayak,GPSmap 60csx,,,sand_mud,N,Winter Cove,,,,12:45pm - 2:44pm,50,low,50,,,50,P,50,,,,,,C,,Poor,,,1.9,2,0.4,medium,Shells on substrate. Mixed with kelp & algae.,,,,,,,,,,,a00000046 — Eelgrass_Poly_2020_1,/Users/margaretslein/Desktop/imerss/MICS_Eelgrass_2009_2022.gdb 3/a00000046.gdbtable|layername=Eelgrass_Poly_2020_1,2020
57,,311.2236527,1689.048284,00:00.0,0.6m @ 12:47,"Rob Underhill, Joel Lavigueur, Charlotte Matthews",Free diver/kayak,GPSmap 60csx,,,sand_mud,Y,Winter Cove,,,,12:45pm - 2:44pm,70,medium,30,<Null>,,90,P,10,,,,,,C,,Poor,,,3.3,2,0.4,high,Shells on substrate. Mixed with kelp & algae.,Long bed,,,,,,,,,,a00000046 — Eelgrass_Poly_2020_1,/Users/margaretslein/Desktop/imerss/MICS_Eelgrass_2009_2022.gdb 3/a00000046.gdbtable|layername=Eelgrass_Poly_2020_1,2020
58,,74.06798136,238.1823336,00:00.0,0.6m @ 12:47,"Rob Underhill, Joel Lavigueur, Charlotte Matthews",Free diver/kayak,GPSmap 60csx,,,sand_mud,N,Winter Cove,,,,12:45pm - 2:44pm,70,low,30,,,60,P,40,,,,,,C,,Poor,,,,2,0.6,medium,Shells on substrate. Mixed with kelp & algae.,,,,,,,,,,,a00000046 — Eelgrass_Poly_2020_1,/Users/margaretslein/Desktop/imerss/MICS_Eelgrass_2009_2022.gdb 3/a00000046.gdbtable|layername=Eelgrass_Poly_2020_1,2020
59,,15.70549235,13.30254935,00:00.0,0.6m @ 12:47,"Rob Underhill, Joel Lavigueur, Charlotte Matthews",Free diver/kayak,GPSmap 60csx,,,sand_mud,N,Winter Cove,,,,12:45pm - 2:44pm,100,,,,,100,,,,,,,,C,,Poor,,,,2,,low,Shells on substrate. Mixed with kelp & algae.,Small Patch,,,,,,,,,,a00000046 — Eelgrass_Poly_2020_1,/Users/margaretslein/Desktop/imerss/MICS_Eelgrass_2009_2022.gdb 3/a00000046.gdbtable|layername=Eelgrass_Poly_2020_1,2020
60,,50.62315771,90.21221888,00:00.0,0.5m @ 12:09,"Elias de Valle, Caleb, Micaela",Free diver/kayak,<Null>,,,sand,N,Retreat Cove,,,,11:45am - 2:15pm,40,medium,40,low,20,50,P,50,,,,,,C,,Good,,,,4,,high,,,,,,,,,,,,a00000046 — Eelgrass_Poly_2020_1,/Users/margaretslein/Desktop/imerss/MICS_Eelgrass_2009_2022.gdb 3/a00000046.gdbtable|layername=Eelgrass_Poly_2020_1,2020
62,,699.5412016,10765.46371,00:00.0,1.0m @ 14:12,"Elias de Valle, Sarah Stelte, Sylvie",Free diver/kayak,,,,sand_mud,Y,Retreat Cove,,,,1:40pm - 3:30pm,60,low,30,medium,10,60,P,40,,,,,,C,,Poor,,,1.8,2.5,-0.1,high,"Backshore: Government dock, mostly forested",,,,,,,,,,,a00000046 — Eelgrass_Poly_2020_1,/Users/margaretslein/Desktop/imerss/MICS_Eelgrass_2009_2022.gdb 3/a00000046.gdbtable|layername=Eelgrass_Poly_2020_1,2020
63,,101.6552001,302.7151352,00:00.0,0.5m @12:09,"Elias de Valle, Caleb, Micaela",Free diver/kayak,<Null>,,,sand_mud,N,Retreat Cove,,,,11:45am - 2:15pm,50,low,50,,,80,P,20,,,,,,C,,Good,,,,4,,high,,,,,,,,,,,,a00000046 — Eelgrass_Poly_2020_1,/Users/margaretslein/Desktop/imerss/MICS_Eelgrass_2009_2022.gdb 3/a00000046.gdbtable|layername=Eelgrass_Poly_2020_1,2020
64,,43.71735542,87.41700798,00:00.0,0.7m @ 13:31,"Elias de Valle, Sarah Stelte",Free diver/kayak,,,,sand,N,Retreat Cove,,,,12:25pm - 1:35pm,60,medium,40,,,80,C,20,,,,,,P,,Poor,,,,2.5,,high,,,,,,,,,,,,a00000046 — Eelgrass_Poly_2020_1,/Users/margaretslein/Desktop/imerss/MICS_Eelgrass_2009_2022.gdb 3/a00000046.gdbtable|layername=Eelgrass_Poly_2020_1,2020
65,,45.23810343,119.1321512,00:00.0,0.7m @ 13:31,"Elias de Valle, Sarah Stelte",Free diver/kayak,,,,sand,N,Retreat Cove,,,,12:25pm - 1:35pm,70,medium,30,,,90,C,10,,,,,,P,,Poor,,,,2.5,,high,,,,,,,,,,,,a00000046 — Eelgrass_Poly_2020_1,/Users/margaretslein/Desktop/imerss/MICS_Eelgrass_2009_2022.gdb 3/a00000046.gdbtable|layername=Eelgrass_Poly_2020_1,2020
67,,56.47161875,192.0816458,00:00.0,0.7m @ 13:31,"Elias de Valle, Sarah Stelte",Free diver/kayak,,,,sand,N,Retreat Cove,,,,12:25pm - 1:35pm,80,medium,20,,,100,,,,,,,,C,,Poor,,,1.15,2.5,0.6,high,,,,,,,,,,,,a00000046 — Eelgrass_Poly_2020_1,/Users/margaretslein/Desktop/imerss/MICS_Eelgrass_2009_2022.gdb 3/a00000046.gdbtable|layername=Eelgrass_Poly_2020_1,2020
68,,31.10101413,63.72731628,00:00.0,0.7m @ 13:31,"Elias de Valle, Sarah Stelte",Free diver/kayak,,,,sand,N,Retreat Cove,,,,12:25pm - 1:35pm,80,medium,20,,,100,,,,,,,,C,,Poor,,,1,2.5,0.8,high,,,,,,,,,,,,a00000046 — Eelgrass_Poly_2020_1,/Users/margaretslein/Desktop/imerss/MICS_Eelgrass_2009_2022.gdb 3/a00000046.gdbtable|layername=Eelgrass_Poly_2020_1,2020
69,,108.0687249,638.8579765,00:00.0,0.7m @ 13:31,"Elias de Valle, Sarah Stelte",Free diver/kayak,,,,sand,N,Retreat Cove,,,,12:25pm - 1:35pm,80,medium,10,low,10,100,,,,,,,,C,,Poor,,,0.3,2.5,-0.5,high,,,,,,,,,,,,a00000046 — Eelgrass_Poly_2020_1,/Users/margaretslein/Desktop/imerss/MICS_Eelgrass_2009_2022.gdb 3/a00000046.gdbtable|layername=Eelgrass_Poly_2020_1,2020
70,,45.93836293,95.01031282,00:00.0,0.7m @ 13:31,"Elias de Valle, Sarah Stelte",Free diver/kayak,,,,sand,N,Retreat Cove,,,,12:25pm - 1:35pm,80,medium,20,,,100,,,,,,,,C,,Poor,,,0,2.5,-0.3,high,,,,,,,,,,,,a00000046 — Eelgrass_Poly_2020_1,/Users/margaretslein/Desktop/imerss/MICS_Eelgrass_2009_2022.gdb 3/a00000046.gdbtable|layername=Eelgrass_Poly_2020_1,2020
71,,650.8609435,5680.26199,00:00.0,0.7m @ 12:49,"Elias de Valle, Caleb, Micaela",Free diver/kayak,,,,sand_mud,N,North Montague,,,,12:35pm - 2:10pm,90,medium,10,,,100,,,,,,,,C,,Good,,,2.7,1.5,0,high,High wind and current during survey,depth estimated,,,,,,,,,,a00000046 — Eelgrass_Poly_2020_1,/Users/margaretslein/Desktop/imerss/MICS_Eelgrass_2009_2022.gdb 3/a00000046.gdbtable|layername=Eelgrass_Poly_2020_1,2020
72,,442.8704179,5466.148998,00:00.0,0.7m @ 12:49,"Elias de Valle, Caleb, Micaela",Free diver/kayak,,,,sand_mud,N,North Montague,,,,12:35pm - 2:10pm,80,low,20,,,75,P,25,,,,,,C,,Good,,,2.6,1.5,0,high,"Strong current during survey, depths estimated","Backshore: provincial park, shell beach, forested",,,,,,,,,,a00000046 — Eelgrass_Poly_2020_1,/Users/margaretslein/Desktop/imerss/MICS_Eelgrass_2009_2022.gdb 3/a00000046.gdbtable|layername=Eelgrass_Poly_2020_1,2020
75,,41.79693061,91.47514824,00:00.0,1.0m @ 14:12,"Elias de Valle, Sarah Stelte, Sylvie",Free diver/kayak,,,,sand,N,Retreat Cove,,,,1:40pm - 3:30pm,100,,,,,100,,,,,,,,C,,Good,,,,2.5,,high,,,,,,,,,,,,a00000046 — Eelgrass_Poly_2020_1,/Users/margaretslein/Desktop/imerss/MICS_Eelgrass_2009_2022.gdb 3/a00000046.gdbtable|layername=Eelgrass_Poly_2020_1,2020
76,,43.72437557,97.29524404,00:00.0,1.0m @ 14:12,"Elias de Valle, Sarah Stelte, Sylvie",Free diver/kayak,,,,sand,N,Retreat Cove,,,,1:40pm - 3:30pm,60,medium,40,,,50,P,50,,,,,,C,,Good,,,,2.5,,high,,,,,,,,,,,,a00000046 — Eelgrass_Poly_2020_1,/Users/margaretslein/Desktop/imerss/MICS_Eelgrass_2009_2022.gdb 3/a00000046.gdbtable|layername=Eelgrass_Poly_2020_1,2020
77,,7.138771957,3.859009106,00:00.0,0.7m @ 13:31,"Elias de Valle, Sarah Stelte",Free diver/kayak,,,,sand,N,Retreat Cove,,,,12:25pm - 1:35pm,,,,,,,,,,,,,,,,Poor,,,,2.5,,,2 m patch,,,,,,,,,,,a00000046 — Eelgrass_Poly_2020_1,/Users/margaretslein/Desktop/imerss/MICS_Eelgrass_2009_2022.gdb 3/a00000046.gdbtable|layername=Eelgrass_Poly_2020_1,2020
78,,9.639585584,7.029968074,00:00.0,0.5m @ 12:09,"Elias de Valle, Caleb, Micaela",Free diver/kayak,,,,,N,Retreat Cove,,,,11:45am - 2:15pm,,,,,,,,,,,,,,,,Good,,,,4,,,3 m patch,,,,,,,,,,,a00000046 — Eelgrass_Poly_2020_1,/Users/margaretslein/Desktop/imerss/MICS_Eelgrass_2009_2022.gdb 3/a00000046.gdbtable|layername=Eelgrass_Poly_2020_1,2020
79,,342.6645962,4296.042512,00:00.0,0.4m @ 14:21,Rob Underhill and Joel Lavigueur,Free diver/kayak,GPSmap62sc,,,sand,Y,Breezy Bay,,,,12:30pm - 3:05pm,80,medium,20,,,,,,,,,,,,,Good,,,,,,high,Small gap between this bed and the adjacent bed,farshore steep drop,,,,,,,,,,a00000046 — Eelgrass_Poly_2020_1,/Users/margaretslein/Desktop/imerss/MICS_Eelgrass_2009_2022.gdb 3/a00000046.gdbtable|layername=Eelgrass_Poly_2020_1,2020
80,,132.1928164,634.466289,00:00.0,0.4m @ 14:21,Rob Underhill and Joel Lavigueur,Free diver/kayak,GPSmap62sc,,,sand,Y,Breezy Bay,,,,12:30pm - 3:05pm,100,,,high,,,,,,,,,,,,Good,,,,,0,high,,,,,,,,,,,,a00000046 — Eelgrass_Poly_2020_1,/Users/margaretslein/Desktop/imerss/MICS_Eelgrass_2009_2022.gdb 3/a00000046.gdbtable|layername=Eelgrass_Poly_2020_1,2020
81,,3126.269416,69073.80762,00:00.0,0.6m @ 8:29,"Rob Underhill, Joel Lavigueur, Charlotte Matthews",Free diver/kayak,GPSmap 60csx,,,sand,N,Breezy Bay,,,,8:30am - 11:00am,50,low,40,high,10,60,P,40,,,,,,C,,Poor,,,7.6,,0.2,medium,Bed completed over 3 days.,More dense along west edge. East edge difficult,,,,,,,,,,a00000046 — Eelgrass_Poly_2020_1,/Users/margaretslein/Desktop/imerss/MICS_Eelgrass_2009_2022.gdb 3/a00000046.gdbtable|layername=Eelgrass_Poly_2020_1,2020
82,,22.58025531,25.43457444,00:00.0,0.4m @ 14:21,Joel Lavigueur,Kayak,GPSmap 60csx,,,sand,N,Breezy Bay,,,,12:30pm - 3:05pm,,,,,,,,,,,,,,,,Good,,,,,,,Small patch next to dock,,,,,,,,,,,a00000046 — Eelgrass_Poly_2020_1,/Users/margaretslein/Desktop/imerss/MICS_Eelgrass_2009_2022.gdb 3/a00000046.gdbtable|layername=Eelgrass_Poly_2020_1,2020
83,,533.0767094,3631.453343,00:00.0,0.9m @ 11:50,"Sylvie Hawks, Sarah Stelte, Andrew Simon",Free diver/kayak,,,,mud,N,Montague Harbour,,,,10:05am - 11:40am,90,low,10,,,,,,,,,,,,,Great,,,,2,,high,"Public dock, boat traffic, rock/pebble beach",Steep drop off,,,,,,,,,,a00000046 — Eelgrass_Poly_2020_1,/Users/margaretslein/Desktop/imerss/MICS_Eelgrass_2009_2022.gdb 3/a00000046.gdbtable|layername=Eelgrass_Poly_2020_1,2020
86,,140.0281176,1009.092998,00:00.0,0.9m @ 11:50,"Sylvie Hawks, Sarah Stelte, Andrew Simon",Free diver/kayak,,,,mud,N,Montague Harbour,,,,10:05am - 11:40am,100,,,,,,,,,,,,,,,Great,,,,2,,high,,,,,,,,,,,,a00000046 — Eelgrass_Poly_2020_1,/Users/margaretslein/Desktop/imerss/MICS_Eelgrass_2009_2022.gdb 3/a00000046.gdbtable|layername=Eelgrass_Poly_2020_1,2020
87,,21.96682138,10.95847604,00:00.0,0.9m @ 11:50,"Sylvie Hawks, Sarah Stelte, Andrew Simon",Free diver/kayak,,,,sand,N,Montague Harbour,,,,10:05am - 11:40am,100,,,,,,,,,,,,,,,Great,,,,2,,medium,,,,,,,,,,,,a00000046 — Eelgrass_Poly_2020_1,/Users/margaretslein/Desktop/imerss/MICS_Eelgrass_2009_2022.gdb 3/a00000046.gdbtable|layername=Eelgrass_Poly_2020_1,2020
88,,9.249777836,4.839675445,00:00.0,0.9m @ 11:50,"Sylvie Hawks, Sarah Stelte, Andrew Simon",Free diver/kayak,,,,sand,N,Montague Harbour,,,,10:05am - 11:40am,100,,,,,,,,,,,,,,,Great,,,,2,,high,small patch,,,,,,,,,,,a00000046 — Eelgrass_Poly_2020_1,/Users/margaretslein/Desktop/imerss/MICS_Eelgrass_2009_2022.gdb 3/a00000046.gdbtable|layername=Eelgrass_Poly_2020_1,2020
89,,38.61781208,52.94385423,00:00.0,0.9m @ 11:50,"Sylvie Hawks, Sarah Stelte, Andrew Simon",Free diver/kayak,,,,sand,N,Montague Harbour,,,,10:05am - 11:40am,100,,,,,,,,,,,,,P,,Great,,,,2,,medium,,,,,,,,,,,,a00000046 — Eelgrass_Poly_2020_1,/Users/margaretslein/Desktop/imerss/MICS_Eelgrass_2009_2022.gdb 3/a00000046.gdbtable|layername=Eelgrass_Poly_2020_1,2020
90,,35.17170319,68.61178806,00:00.0,0.9m @ 11:50,"Sylvie Hawks, Sarah Stelte, Andrew Simon",Free diver/kayak,,,,sand,N,Montague Harbour,,,,10:05am - 11:40am,100,,,,,,,,,,,,,,,Great,,,,2,,medium,,,,,,,,,,,,a00000046 — Eelgrass_Poly_2020_1,/Users/margaretslein/Desktop/imerss/MICS_Eelgrass_2009_2022.gdb 3/a00000046.gdbtable|layername=Eelgrass_Poly_2020_1,2020
2,,342.8263704,1833.489229,00:00.0,1.0 m at 17:12,"M. Litster, K. Kushneryk, R. Underhill","Free diver, kayak",GARMIN GPSMAP 64x,,,Mud/sand,Y,Dinner Bay,,,,15:04 to 16:30,75,Low,25,,,75,Patchy,25,,,,,,Continuous,,Variable 2-4m,,,1,,-0.4,Medium,,,,,,,,,,,,a00000053 — Eelgrass_Poly_2021,/Users/margaretslein/Desktop/imerss/MICS_Eelgrass_2009_2022.gdb 3/a00000053.gdbtable|layername=Eelgrass_Poly_2021,2021
3,,363.9428143,1861.23995,00:00.0,1.0 m at 17:12,"M. Litster, K. Kushneryk, R. Underhill","Free diver, kayak",GARMIN GPSMAP 64x,,,Mud/sand,Y,Dinner Bay,,,,15:04 to 16:30,75,Low,25,,,75,Patchy,25,,,,,,Continuous,,Variable 2-4m,,,0,,-0.4,Medium,,,,,,,,,,,,a00000053 — Eelgrass_Poly_2021,/Users/margaretslein/Desktop/imerss/MICS_Eelgrass_2009_2022.gdb 3/a00000053.gdbtable|layername=Eelgrass_Poly_2021,2021
4,,53.68809167,108.1580833,00:00.0,-0.1 m at 12:13,"M. Litster, K. Kushneryk, R. Underhill","Free diver, kayak",GARMIN GPSMAP 60CSx,,,Mud,N,Horton Bay,,,,13:35 to 15:10,100,,,,,100,,,,,,,,Continuous,,1.5m,,,,,,Low,,,,,,,,,,,,a00000053 — Eelgrass_Poly_2021,/Users/margaretslein/Desktop/imerss/MICS_Eelgrass_2009_2022.gdb 3/a00000053.gdbtable|layername=Eelgrass_Poly_2021,2021
6,,39.29979029,67.93407858,00:00.0,-0.1 m at 12:13,"M. Litster, K. Kushneryk, R. Underhill","Free diver, kayak",GARMIN GPSMAP 60CSx,,,Mud,N,Horton Bay,,,,13:35 to 15:10,100,,,,,100,,,,,,,,Continuous,,1.5m,,,,,,Low,,,,,,,,,,,,a00000053 — Eelgrass_Poly_2021,/Users/margaretslein/Desktop/imerss/MICS_Eelgrass_2009_2022.gdb 3/a00000053.gdbtable|layername=Eelgrass_Poly_2021,2021
7,,33.62212291,52.53554126,00:00.0,-0.1 m at 12:13,"M. Litster, K. Kushneryk, R. Underhill","Free diver, kayak",GARMIN GPSMAP 60CSx,,,Mud,N,Horton Bay,,,,13:35 to 15:10,100,,,,,100,,,,,,,,Continuous,,1.5m,,,,,,Low,,,,,,,,,,,,a00000053 — Eelgrass_Poly_2021,/Users/margaretslein/Desktop/imerss/MICS_Eelgrass_2009_2022.gdb 3/a00000053.gdbtable|layername=Eelgrass_Poly_2021,2021
8,,106.4658829,242.8124827,00:00.0,-0.1 m at 12:13,"M. Litster, K. Kushneryk, R. Underhill","Free diver, kayak",GARMIN GPSMAP 60CSx,,,Mud,N,Horton Bay,,,,13:35 to 15:10,100,,,,,100,,,,,,,,Continuous,,1.5m,,,2.2,,0.7,Low,,,,,,,,,,,,a00000053 — Eelgrass_Poly_2021,/Users/margaretslein/Desktop/imerss/MICS_Eelgrass_2009_2022.gdb 3/a00000053.gdbtable|layername=Eelgrass_Poly_2021,2021
9,,193.6194426,609.7074624,00:00.0,-0.1 m at 12:13,"M. Litster, K. Kushneryk, R. Underhill","Free diver, kayak",GARMIN GPSMAP 60CSx,,,Mud,N,Horton Bay,,,,13:35 to 15:10,100,,,,,100,,,,,,,,Continuous,,1.5m,,,,,,Low,,,,,,,,,,,,a00000053 — Eelgrass_Poly_2021,/Users/margaretslein/Desktop/imerss/MICS_Eelgrass_2009_2022.gdb 3/a00000053.gdbtable|layername=Eelgrass_Poly_2021,2021
11,,94.71198363,237.7344108,00:00.0,-0.1 m at 12:13,"M. Litster, K. Kushneryk, R. Underhill","Free diver, kayak",GARMIN GPSMAP 60CSx,,,Mud,N,Horton Bay,,,,13:35 to 15:10,100,,,,,100,,,,,,,,Continuous,,1.5m,,,,,,Low,,,,,,,,,,,,a00000053 — Eelgrass_Poly_2021,/Users/margaretslein/Desktop/imerss/MICS_Eelgrass_2009_2022.gdb 3/a00000053.gdbtable|layername=Eelgrass_Poly_2021,2021
12,,1456.087119,10308.30704,00:00.0,-0.1 m at 12:59,"M. Litster, K. Kushneryk, R. Underhill","Free diver, kayak",GARMIN GPSMAP 60CSx,,,Mud,Y,Horton Bay,,,,13:15 to 14:54,95,Medium,5,,,50,Continuous,50,,,,,,Patchy,,Variable 0.5 - 2m,,,2.8,,0.1,Low,Nearshore visibility very poor,,,,,,,,,,,a00000053 — Eelgrass_Poly_2021,/Users/margaretslein/Desktop/imerss/MICS_Eelgrass_2009_2022.gdb 3/a00000053.gdbtable|layername=Eelgrass_Poly_2021,2021
13,,149.5736885,1103.601562,00:00.0,0.5 m at 11:15,"M. Litster, K. Kushneryk, R. Underhill","Free diver, kayak",GARMIN GPSMAP 60CSx,,,Mud,N,Horton Bay,,,,11:08 to 12:10,50,Medium,50,,,50,Continuous,50,,,,,,Patchy,,2m,,,4,,0.5,Low,,,,,,,,,,,,a00000053 — Eelgrass_Poly_2021,/Users/margaretslein/Desktop/imerss/MICS_Eelgrass_2009_2022.gdb 3/a00000053.gdbtable|layername=Eelgrass_Poly_2021,2021
14,,265.6768682,2763.938987,00:00.0,0.5 m at 11:15,"M. Litster, K. Kushneryk, R. Underhill","Free diver, kayak",GARMIN GPSMAP 60CSx,,,Mud,Y,Horton Bay,,,,11:08 to 12:10,70,Low,30,,,60,Patchy,40,,,,,,Continuous,,4m,,,3.3,,0.2,Medium,,,,,,,,,,,,a00000053 — Eelgrass_Poly_2021,/Users/margaretslein/Desktop/imerss/MICS_Eelgrass_2009_2022.gdb 3/a00000053.gdbtable|layername=Eelgrass_Poly_2021,2021
15,,42.21337996,49.16180069,00:00.0,0.5 m at 11:15,"M. Litster, K. Kushneryk, R. Underhill","Free diver, kayak, walked near shore",GARMIN GPSMAP 60CSx,,,Mud,Y,Dinner Bay,,,,13:10 to 13:15,100,,,,,100,,,,,,,,Continuous,,2m,,,0,,-0.1,Low,,,,,,,,,,,,a00000053 — Eelgrass_Poly_2021,/Users/margaretslein/Desktop/imerss/MICS_Eelgrass_2009_2022.gdb 3/a00000053.gdbtable|layername=Eelgrass_Poly_2021,2021
16,,535.1825531,6865.318208,00:00.0,-0.1 m at 11:08,"M. Litster, K. Kushneryk, N. McKinley","Free diver, kayak, walked near shore",GARMIN GPSMAP 60CSx,,,Sand,Y,Campbell Bay,,,,12:01 to 13:25,50,High,40,Low,10,75,Patchy,25,,,,,,Continuous,,2 m,,,3.7,,-0.2,Medium,,,,,,,,,,,,a00000053 — Eelgrass_Poly_2021,/Users/margaretslein/Desktop/imerss/MICS_Eelgrass_2009_2022.gdb 3/a00000053.gdbtable|layername=Eelgrass_Poly_2021,2021
17,,1486.79034,23440.02194,00:00.0,0.1 m at 10:06,"M. Litster, K. Kushneryk, R. Underhill","Free diver, kayak, walked near shore",GARMIN GPSMAP 60CSx,,,Sand,Y,Bennett Bay,,,,9:55 to 11:00,45,High,35,Medium,20,65,Patchy,35,,,,,,Continuous,,3 - 4 m,,,2.8,,0.2,Low,,,,,,,,,,,,a00000053 — Eelgrass_Poly_2021,/Users/margaretslein/Desktop/imerss/MICS_Eelgrass_2009_2022.gdb 3/a00000053.gdbtable|layername=Eelgrass_Poly_2021,2021
19,,18.02125682,12.60529416,00:00.0,0.2 m at 9:17,"M. Litster, K. Kushneryk, R. Underhill",Walked,GARMIN GPSMAP 60CSx,,,Sand,N,Bennett Bay,,,,9:20 to 11:20,100,,,,,100,,,,,,,,Continuous,,4 m,,,0.1,,0.1,High,,,,,,,,,,,,a00000053 — Eelgrass_Poly_2021,/Users/margaretslein/Desktop/imerss/MICS_Eelgrass_2009_2022.gdb 3/a00000053.gdbtable|layername=Eelgrass_Poly_2021,2021
20,,782.6654419,8772.276877,00:00.0,0.6 m at 13:15,"M. Litster, K. Kushneryk, R. Underhill","Free diver, kayak",GARMIN GPSMAP 60CSx,,,Sand,Y,Montague Harbour,,,,12:20 to 14:00,75,Medium,15,Low,10,90,Patchy,10,,,,,,Continuous,,2 m,,,2.8,,-0.4,High,,,,,,,,,,,,a00000053 — Eelgrass_Poly_2021,/Users/margaretslein/Desktop/imerss/MICS_Eelgrass_2009_2022.gdb 3/a00000053.gdbtable|layername=Eelgrass_Poly_2021,2021
21,,503.5856228,7426.014657,00:00.0,0.5 m at 12:05,"M. Litster, K. Kushneryk, R. Underhill","Free diver, kayak",GARMIN GPSMAP 60CSx,,,Sand,Y,Miners Bay,,,,11:20 to 12:51,60,High,20,Low,20,60,Patchy,40,,,,,,Continuous,,Variable 1 - 4 m,,,5,,-0.3,Medium,,,,,,,,,,,,a00000053 — Eelgrass_Poly_2021,/Users/margaretslein/Desktop/imerss/MICS_Eelgrass_2009_2022.gdb 3/a00000053.gdbtable|layername=Eelgrass_Poly_2021,2021
22,,1048.621494,17419.45147,00:00.0,0.5 m at 12:05,"M. Litster, K. Kushneryk, R. Underhill","Free diver, kayak",GARMIN GPSMAP 60CSx,,,Sand,Y,Miners Bay,,,,11:20 to 12:51,50,High,30,Low,20,65,Continous,35,,,,,,Patchy,,Variable 1 - 4 m,,,3.2,,-0.3,Medium,,,,,,,,,,,,a00000053 — Eelgrass_Poly_2021,/Users/margaretslein/Desktop/imerss/MICS_Eelgrass_2009_2022.gdb 3/a00000053.gdbtable|layername=Eelgrass_Poly_2021,2021
23,,592.1010634,4601.151485,00:00.0,0.7 m at 13:50,"K. Kushneryk, R. Underhill, J. Lynn Lawson","Free diver, kayak",GARMIN GPSMAP 60CSx,,,Sand,Y,Village Bay,,,,13:20 to 15:50,90,Low,10,,,90,Patchy,10,,,,,,Continuous,,Variable 1 - 2.5 m,,,5.2,,,High,,,,,,,,,,,,a00000053 — Eelgrass_Poly_2021,/Users/margaretslein/Desktop/imerss/MICS_Eelgrass_2009_2022.gdb 3/a00000053.gdbtable|layername=Eelgrass_Poly_2021,2021
1,,0.000572305,1.49152E-08,00:00.0,0.4 m @ 13:24,"Rob Underhill, Katie Kushneryk, Gwen Janz",Free diver/kayak,GARMIN GPSMAP 60CSx,,,Mud,N,Village Bay,,,,12:45 - 13:38,,,,,,,,,,,,,,,,2 m,,,,,,<Null>,,,122,2022,Mayne Island,British Columbia,Rob Underhill | biologist@mayneconservancy.ca,Strait of Georgia,Mayne Island Conservancy / MICS,6,2,a0000005a — Eelgrass_Poly_2022,/Users/margaretslein/Desktop/imerss/MICS_Eelgrass_2009_2022.gdb 3/a0000005a.gdbtable|layername=Eelgrass_Poly_2022,2022
2,,0.01308304,1.46463E-06,00:00.0,0.4 m @ 13:24,"Rob Underhill, Katie Kushneryk, Gwen Janz",Free diver/kayak,GARMIN GPSMAP 60CSx,,,Mud,Y,Village Bay,,,,12:45 - 13:38,,,,,,,,,,,,,,,,2 m,,,3.1,,-0.1,40,,,11946,2022,Mayne Island,British Columbia,Rob Underhill | biologist@mayneconservancy.ca,Strait of Georgia,Mayne Island Conservancy / MICS,6,2,a0000005a — Eelgrass_Poly_2022,/Users/margaretslein/Desktop/imerss/MICS_Eelgrass_2009_2022.gdb 3/a0000005a.gdbtable|layername=Eelgrass_Poly_2022,2022
3,,0.005379534,7.70185E-07,00:00.0,-0.3 m @12:11,"Rob Underhill, Gwen Janz",Free diver/kayak,GARMIN GPSMAP 60CSx,,,Mud,Y,Gallagher Bay,,,,11:23 - 12:52,,,,,,,,,,,,,,,,1-2 m,,,5.4,,-0.1,75,,,6284,2022,Mayne Island,British Columbia,Rob Underhill | biologist@mayneconservancy.ca,Strait of Georgia,Mayne Island Conservancy / MICS,6,15,a0000005a — Eelgrass_Poly_2022,/Users/margaretslein/Desktop/imerss/MICS_Eelgrass_2009_2022.gdb 3/a0000005a.gdbtable|layername=Eelgrass_Poly_2022,2022
4,,0.018695328,1.70193E-06,00:00.0,0.1 m @ 9:36,"Rob Underhill, Gwen Janz, Katie Kushneryk",Free diver/kayak,GARMIN GPSMAP 60CSx,,,Mud,Y,Gallagher Bay,,,,8:30 - 10:15,,,,,,,,,,,,,,,,3 m,,,5.3,,1.4,70,,,13886,2022,Mayne Island,British Columbia,Rob Underhill | biologist@mayneconservancy.ca,Strait of Georgia,Mayne Island Conservancy / MICS,7,11,a0000005a — Eelgrass_Poly_2022,/Users/margaretslein/Desktop/imerss/MICS_Eelgrass_2009_2022.gdb 3/a0000005a.gdbtable|layername=Eelgrass_Poly_2022,2022
5,,0.000263005,4.30937E-09,00:00.0,0.1 m @ 9:36,"Rob Underhill, Gwen Janz, Katie Kushneryk",Free diver/kayak,GARMIN GPSMAP 60CSx,,,Mud,N,Gallagher Bay,,,,8:30 - 10:15,,,,,,,,,,,,,,,,3 m,,,,,,,,,35,2022,Mayne Island,British Columbia,Rob Underhill | biologist@mayneconservancy.ca,Strait of Georgia,Mayne Island Conservancy / MICS,7,11,a0000005a — Eelgrass_Poly_2022,/Users/margaretslein/Desktop/imerss/MICS_Eelgrass_2009_2022.gdb 3/a0000005a.gdbtable|layername=Eelgrass_Poly_2022,2022
6,,0.00021666,3.08627E-09,00:00.0,0.1 m @ 9:36,"Rob Underhill, Gwen Janz, Katie Kushneryk",Free diver/kayak,GARMIN GPSMAP 60CSx,,,Mud,N,Gallagher Bay,,,,8:30 - 10:15,,,,,,,,,,,,,,,,3 m,,,,,,,,,25,2022,Mayne Island,British Columbia,Rob Underhill | biologist@mayneconservancy.ca,Strait of Georgia,Mayne Island Conservancy / MICS,7,11,a0000005a — Eelgrass_Poly_2022,/Users/margaretslein/Desktop/imerss/MICS_Eelgrass_2009_2022.gdb 3/a0000005a.gdbtable|layername=Eelgrass_Poly_2022,2022
7,,0.000388824,3.80163E-09,00:00.0,0.1 m @ 9:36,"Rob Underhill, Gwen Janz, Katie Kushneryk",Free diver/kayak,GARMIN GPSMAP 60CSx,,,Mud,N,Gallagher Bay,,,,8:30 - 10:15,,,,,,,,,,,,,,,,3 m,,,,,,,,,31,2022,Mayne Island,British Columbia,Rob Underhill | biologist@mayneconservancy.ca,Strait of Georgia,Mayne Island Conservancy / MICS,7,11,a0000005a — Eelgrass_Poly_2022,/Users/margaretslein/Desktop/imerss/MICS_Eelgrass_2009_2022.gdb 3/a0000005a.gdbtable|layername=Eelgrass_Poly_2022,2022
8,,0.000116089,6.75667E-10,00:00.0,0.1 m @ 9:36,"Rob Underhill, Gwen Janz, Katie Kushneryk",Free diver/kayak,GARMIN GPSMAP 60CSx,,,Mud,N,Gallagher Bay,,,,8:30 - 10:15,,,,,,,,,,,,,,,,3 m,,,,,,,,,6,2022,Mayne Island,British Columbia,Rob Underhill | biologist@mayneconservancy.ca,Strait of Georgia,Mayne Island Conservancy / MICS,7,11,a0000005a — Eelgrass_Poly_2022,/Users/margaretslein/Desktop/imerss/MICS_Eelgrass_2009_2022.gdb 3/a0000005a.gdbtable|layername=Eelgrass_Poly_2022,2022
10,,0.001803613,1.17332E-07,00:00.0,0.5 m @ 10:30,"Rob Underhill, Gwen Janz, Katie Kushneryk",Free diver/kayak,GARMIN GPSMAP 60CSx,,,Mud,N,Horton Bay,,,,9:30 - 10:22,,,,,,,,,,,,,,,,1 m,,,,,,30,,,957,2022,Mayne Island,British Columbia,Rob Underhill | biologist@mayneconservancy.ca,Strait of Georgia,Mayne Island Conservancy / MICS,7,26,a0000005a — Eelgrass_Poly_2022,/Users/margaretslein/Desktop/imerss/MICS_Eelgrass_2009_2022.gdb 3/a0000005a.gdbtable|layername=Eelgrass_Poly_2022,2022
11,,0.017899403,8.82667E-07,00:00.0,0.8 m @ 9:20,"R. Underhill, K. Kushneryk, K. Hindmarsh",Free diver/kayak,GARMIN GPSMAP 60CSx,,,Mud,Y,Horton Bay,,,,8:16 - 10:12,,,,,,,,,,,,,,,,2 m,,,4.3,,0.9,30,,,7201,2022,Mayne Island,British Columbia,Rob Underhill | biologist@mayneconservancy.ca,Strait of Georgia,Mayne Island Conservancy / MICS,8,23,a0000005a — Eelgrass_Poly_2022,/Users/margaretslein/Desktop/imerss/MICS_Eelgrass_2009_2022.gdb 3/a0000005a.gdbtable|layername=Eelgrass_Poly_2022,2022
12,,0.001952542,8.66557E-08,00:00.0,1.2 m @ 15:21,"K. Kushneryk, K. Hindmarsh, G. Janz",Free diver/kayak,GARMIN GPSMAP 60CSx,,,Mud,Y,Horton Bay,,,,13:57 - 15:51,,,,,,,,,,,,,,,,3 m,,,,,,40,,,707,2022,Mayne Island,British Columbia,Rob Underhill | biologist@mayneconservancy.ca,Strait of Georgia,Mayne Island Conservancy / MICS,7,5,a0000005a — Eelgrass_Poly_2022,/Users/margaretslein/Desktop/imerss/MICS_Eelgrass_2009_2022.gdb 3/a0000005a.gdbtable|layername=Eelgrass_Poly_2022,2022
14,,0.000600986,1.35068E-08,00:00.0,1.2 m @ 15:21,"K. Kushneryk, K. Hindmarsh, G. Janz",Free diver/kayak,GARMIN GPSMAP 60CSx,,,Mud,N,Horton Bay,,,,13:57 - 15:51,,,,,,,,,,,,,,,,3 m,,,,,,25,,,110,2022,Mayne Island,British Columbia,Rob Underhill | biologist@mayneconservancy.ca,Strait of Georgia,Mayne Island Conservancy / MICS,7,5,a0000005a — Eelgrass_Poly_2022,/Users/margaretslein/Desktop/imerss/MICS_Eelgrass_2009_2022.gdb 3/a0000005a.gdbtable|layername=Eelgrass_Poly_2022,2022
16,,0.000723483,1.02966E-08,00:00.0,1.2 m @ 15:21,"K. Kushneryk, K. Hindmarsh, G. Janz",Free diver/kayak,GARMIN GPSMAP 60CSx,,,Mud,N,Horton Bay,,,,13:57 - 15:51,,,,,,,,,,,,,,,,3 m,,,,,,20,,,84,2022,Mayne Island,British Columbia,Rob Underhill | biologist@mayneconservancy.ca,Strait of Georgia,Mayne Island Conservancy / MICS,7,5,a0000005a — Eelgrass_Poly_2022,/Users/margaretslein/Desktop/imerss/MICS_Eelgrass_2009_2022.gdb 3/a0000005a.gdbtable|layername=Eelgrass_Poly_2022,2022
18,,0.000619642,1.76935E-08,00:00.0,1.2 m @ 15:21,"K. Kushneryk, K. Hindmarsh, G. Janz",Free diver/kayak,GARMIN GPSMAP 60CSx,,,Mud,N,Horton Bay,,,,13:57 - 15:51,,,,,,,,,,,,,,,,3 m,,,,,,,,,144,2022,Mayne Island,British Columbia,Rob Underhill | biologist@mayneconservancy.ca,Strait of Georgia,Mayne Island Conservancy / MICS,7,5,a0000005a — Eelgrass_Poly_2022,/Users/margaretslein/Desktop/imerss/MICS_Eelgrass_2009_2022.gdb 3/a0000005a.gdbtable|layername=Eelgrass_Poly_2022,2022
19,,0.000517516,9.93628E-09,00:00.0,1.2 m @ 15:21,"K. Kushneryk, K. Hindmarsh, G. Janz",Free diver/kayak,GARMIN GPSMAP 60CSx,,,Mud,N,Horton Bay,,,,13:57 - 15:51,,,,,,,,,,,,,,,,3 m,,,,,,,,,81,2022,Mayne Island,British Columbia,Rob Underhill | biologist@mayneconservancy.ca,Strait of Georgia,Mayne Island Conservancy / MICS,7,5,a0000005a — Eelgrass_Poly_2022,/Users/margaretslein/Desktop/imerss/MICS_Eelgrass_2009_2022.gdb 3/a0000005a.gdbtable|layername=Eelgrass_Poly_2022,2022
20,,0.008876434,4.64292E-07,00:00.0,-0.1 @11:56,"R. Underhill, K. Kushneryk",Free diver/kayak,GARMIN GPSMAP 60CSx,,,Mud,Y,Dinner Bay,,,,11:03-11:24,,,,,,,,,,,,,,,,2 m,,,,,,75,,,3788,2022,Mayne Island,British Columbia,Rob Underhill | biologist@mayneconservancy.ca,Strait of Georgia,Mayne Island Conservancy / MICS,7,15,a0000005a — Eelgrass_Poly_2022,/Users/margaretslein/Desktop/imerss/MICS_Eelgrass_2009_2022.gdb 3/a0000005a.gdbtable|layername=Eelgrass_Poly_2022,2022
21,,0.000288269,5.63188E-09,00:00.0,0.1 @11:47,"R. Underhill, K. Kushneryk, G. Janz",Free diver/kayak,GARMIN GPSMAP 60CSx,,,Mud,Y,Dinner Bay,,,,14:08-14:50,,,,,,,,,,,,,,,,2 m,,,1,,,60,,,46,2022,Mayne Island,British Columbia,Rob Underhill | biologist@mayneconservancy.ca,Strait of Georgia,Mayne Island Conservancy / MICS,5,16,a0000005a — Eelgrass_Poly_2022,/Users/margaretslein/Desktop/imerss/MICS_Eelgrass_2009_2022.gdb 3/a0000005a.gdbtable|layername=Eelgrass_Poly_2022,2022
22,,0.009311977,1.34861E-06,00:00.0,0.1 @14:59,"R. Underhill, K. Kushneryk, G. Janz",Free diver/kayak,GARMIN GPSMAP 60CSx,,,Mud,Y,Piggott Bay,,,,14:13-15:53,,,,,,,,,,,,,,,,2.5 m,,,2.6,,0.1,50,,,11004,2022,Mayne Island,British Columbia,Rob Underhill | biologist@mayneconservancy.ca,Strait of Georgia,Mayne Island Conservancy / MICS,5,20,a0000005a — Eelgrass_Poly_2022,/Users/margaretslein/Desktop/imerss/MICS_Eelgrass_2009_2022.gdb 3/a0000005a.gdbtable|layername=Eelgrass_Poly_2022,2022
23,,0.006760291,5.87007E-07,00:00.0,0.1 @14:59,"R. Underhill, K. Kushneryk, G. Janz",Free diver/kayak,GARMIN GPSMAP 60CSx,,,Mud,N,Piggott Bay,,,,14:13-15:53,,,,,,,,,,,,,,,,2.5 m,,,,,,,,,4790,2022,Mayne Island,British Columbia,Rob Underhill | biologist@mayneconservancy.ca,Strait of Georgia,Mayne Island Conservancy / MICS,5,20,a0000005a — Eelgrass_Poly_2022,/Users/margaretslein/Desktop/imerss/MICS_Eelgrass_2009_2022.gdb 3/a0000005a.gdbtable|layername=Eelgrass_Poly_2022,2022
24,,0.005804558,8.89964E-07,00:00.0,0.9 @8:24,"K. Hindmarsh, K. Kushneryk, R. Underhill",Free diver/kayak,GARMIN GPSMAP 60CSx,,,Sand,Y,Miners Bay,,,,7:23-8:15,,,,,,,,,,,,,,,,2 m,,,4.3,,-0.3,50,,,7258,2022,Mayne Island,British Columbia,Rob Underhill | biologist@mayneconservancy.ca,Strait of Georgia,Mayne Island Conservancy / MICS,8,22,a0000005a — Eelgrass_Poly_2022,/Users/margaretslein/Desktop/imerss/MICS_Eelgrass_2009_2022.gdb 3/a0000005a.gdbtable|layername=Eelgrass_Poly_2022,2022
26,,0.011827957,1.16916E-06,00:00.0,-0.1 @11:06,"R. Underhill, K. Kushneryk, G. Janz",Free diver/kayak,GARMIN GPSMAP 60CSx,,,Mud,Y,Port Washington,,,,9:42-11:42,,,,,,,,,,,,,,,,2 m,,,,,,85,,,9542,2022,North Pender Island,British Columbia,Rob Underhill | biologist@mayneconservancy.ca,Strait of Georgia,Mayne Island Conservancy / MICS,7,13,a0000005a — Eelgrass_Poly_2022,/Users/margaretslein/Desktop/imerss/MICS_Eelgrass_2009_2022.gdb 3/a0000005a.gdbtable|layername=Eelgrass_Poly_2022,2022
29,,0.000137708,1.16147E-09,00:00.0,-0.1 @11:06,"R. Underhill, K. Kushneryk, G. Janz",Free diver/kayak,GARMIN GPSMAP 60CSx,,,Mud,N,Port Washington,,,,9:42-11:42,,,,,,,,,,,,,,,,2 m,,,,,,,,,9,2022,North Pender Island,British Columbia,Rob Underhill | biologist@mayneconservancy.ca,Strait of Georgia,Mayne Island Conservancy / MICS,7,13,a0000005a — Eelgrass_Poly_2022,/Users/margaretslein/Desktop/imerss/MICS_Eelgrass_2009_2022.gdb 3/a0000005a.gdbtable|layername=Eelgrass_Poly_2022,2022
30,,0.000435656,4.29925E-09,00:00.0,-0.1 @11:06,"R. Underhill, K. Kushneryk, G. Janz",Free diver/kayak,GARMIN GPSMAP 60CSx,,,Mud,N,Port Washington,,,,9:42-11:42,,,,,,,,,,,,,,,,2 m,,,,,,,,,35,2022,North Pender Island,British Columbia,Rob Underhill | biologist@mayneconservancy.ca,Strait of Georgia,Mayne Island Conservancy / MICS,7,13,a0000005a — Eelgrass_Poly_2022,/Users/margaretslein/Desktop/imerss/MICS_Eelgrass_2009_2022.gdb 3/a0000005a.gdbtable|layername=Eelgrass_Poly_2022,2022
31,,0.002368519,1.38756E-07,00:00.0,-0.1 @11:06,"R. Underhill, K. Kushneryk, G. Janz",Free diver/kayak,GARMIN GPSMAP 60CSx,,,Mud,N,Port Washington,,,,9:42-11:42,,,,,,,,,,,,,,,,2 m,,,4.2,,1.3,40,,,1132,2022,North Pender Island,British Columbia,Rob Underhill | biologist@mayneconservancy.ca,Strait of Georgia,Mayne Island Conservancy / MICS,7,13,a0000005a — Eelgrass_Poly_2022,/Users/margaretslein/Desktop/imerss/MICS_Eelgrass_2009_2022.gdb 3/a0000005a.gdbtable|layername=Eelgrass_Poly_2022,2022
32,,0.005306475,4.63563E-07,00:00.0,-0.1 m @11:56,"R. Underhill, K. Kushneryk, G. Janz",Free diver/kayak,GARMIN GPSMAP 60CSx,,,Mud,Y,Port Washington,,,,10:44-11:54,,,,,,,,,,,,,,,,2 m,,,4.5,,0.7,80,,,3783,2022,North Pender Island,British Columbia,Rob Underhill | biologist@mayneconservancy.ca,Strait of Georgia,Mayne Island Conservancy / MICS,7,14,a0000005a — Eelgrass_Poly_2022,/Users/margaretslein/Desktop/imerss/MICS_Eelgrass_2009_2022.gdb 3/a0000005a.gdbtable|layername=Eelgrass_Poly_2022,2022
33,,0.000401574,9.54583E-09,00:00.0,-0.1 m @11:56,"R. Underhill, K. Kushneryk, G. Janz",Free diver/kayak,GARMIN GPSMAP 60CSx,,,Mud,N,Port Washington,,,,10:44-11:54,,,,,,,,,,,,,,,,2 m,,,,,,,,,78,2022,North Pender Island,British Columbia,Rob Underhill | biologist@mayneconservancy.ca,Strait of Georgia,Mayne Island Conservancy / MICS,7,14,a0000005a — Eelgrass_Poly_2022,/Users/margaretslein/Desktop/imerss/MICS_Eelgrass_2009_2022.gdb 3/a0000005a.gdbtable|layername=Eelgrass_Poly_2022,2022
34,,0.00108823,4.94534E-08,00:00.0,-0.1 m @11:56,"R. Underhill, K. Kushneryk, G. Janz",Free diver/kayak,GARMIN GPSMAP 60CSx,,,Mud,N,Port Washington,,,,10:44-11:54,,,,,,,,,,,,,,,,2 m,,,,,,,,,404,2022,North Pender Island,British Columbia,Rob Underhill | biologist@mayneconservancy.ca,Strait of Georgia,Mayne Island Conservancy / MICS,7,14,a0000005a — Eelgrass_Poly_2022,/Users/margaretslein/Desktop/imerss/MICS_Eelgrass_2009_2022.gdb 3/a0000005a.gdbtable|layername=Eelgrass_Poly_2022,2022
35,,0.000523177,7.79252E-09,00:00.0,-0.1 m @11:56,"R. Underhill, K. Kushneryk, G. Janz",Free diver/kayak,GARMIN GPSMAP 60CSx,,,Mud,N,Port Washington,,,,10:44-11:54,,,,,,,,,,,,,,,,2 m,,,,,,,,,64,2022,North Pender Island,British Columbia,Rob Underhill | biologist@mayneconservancy.ca,Strait of Georgia,Mayne Island Conservancy / MICS,7,14,a0000005a — Eelgrass_Poly_2022,/Users/margaretslein/Desktop/imerss/MICS_Eelgrass_2009_2022.gdb 3/a0000005a.gdbtable|layername=Eelgrass_Poly_2022,2022
36,,0.008154277,5.49778E-07,00:00.0,0.5 m @12:14,"R. Underhill, K. Kushneryk, J. Apostolopoulos",Free diver/kayak,GARMIN GPSMAP 60CSx,,,Mud,Y,Kadonaga Bay,,,,11:07-12:37,,,,,,,,,,,,,,,,3 m,,,4.1,,-0.5,15,,,4486,2022,Mayne Island,British Columbia,Rob Underhill | biologist@mayneconservancy.ca,Strait of Georgia,Mayne Island Conservancy / MICS,7,29,a0000005a — Eelgrass_Poly_2022,/Users/margaretslein/Desktop/imerss/MICS_Eelgrass_2009_2022.gdb 3/a0000005a.gdbtable|layername=Eelgrass_Poly_2022,2022
37,,0.000121078,7.35645E-10,00:00.0,0.5 m @12:14,"R. Underhill, K. Kushneryk, J. Apostolopoulos",Free diver/kayak,GARMIN GPSMAP 60CSx,,,Mud,N,Kadonaga Bay,,,,11:07-12:37,,,,,,,,,,,,,,,,3 m,,,,,,,,,6,2022,Mayne Island,British Columbia,Rob Underhill | biologist@mayneconservancy.ca,Strait of Georgia,Mayne Island Conservancy / MICS,7,29,a0000005a — Eelgrass_Poly_2022,/Users/margaretslein/Desktop/imerss/MICS_Eelgrass_2009_2022.gdb 3/a0000005a.gdbtable|layername=Eelgrass_Poly_2022,2022
38,,0.004858225,1.6805E-07,00:00.0,0.7 m @10:02,"R. Underhill, K. Kushneryk, K. Hindmarsh",Free diver/kayak,GARMIN GPSMAP 60CSx,,,Mud,Y,Navy Channel,,,,8:55-11:08,,,,,,,,,,,,,,,,2 m,,,3.7,,-0.2,60,,,1371,2022,Mayne Island,British Columbia,Rob Underhill | biologist@mayneconservancy.ca,Strait of Georgia,Mayne Island Conservancy / MICS,8,24,a0000005a — Eelgrass_Poly_2022,/Users/margaretslein/Desktop/imerss/MICS_Eelgrass_2009_2022.gdb 3/a0000005a.gdbtable|layername=Eelgrass_Poly_2022,2022
40,,0.000682845,1.50743E-08,00:00.0,0.7 m @10:02,"R. Underhill, K. Kushneryk, K. Hindmarsh",Free diver/kayak,GARMIN GPSMAP 60CSx,,,Mud,N,Navy Channel,,,,8:55-11:08,,,,,,,,,,,,,,,,2 m,,,,,,,,,123,2022,Mayne Island,British Columbia,Rob Underhill | biologist@mayneconservancy.ca,Strait of Georgia,Mayne Island Conservancy / MICS,8,24,a0000005a — Eelgrass_Poly_2022,/Users/margaretslein/Desktop/imerss/MICS_Eelgrass_2009_2022.gdb 3/a0000005a.gdbtable|layername=Eelgrass_Poly_2022,2022
41,,0.00265278,7.83846E-08,00:00.0,0.7 m @10:02,"R. Underhill, K. Kushneryk, K. Hindmarsh",Free diver/kayak,GARMIN GPSMAP 60CSx,,,Mud,N,Navy Channel,,,,8:55-11:08,,,,,,,,,,,,,,,,2 m,,,,,,30,,,640,2022,Mayne Island,British Columbia,Rob Underhill | biologist@mayneconservancy.ca,Strait of Georgia,Mayne Island Conservancy / MICS,8,24,a0000005a — Eelgrass_Poly_2022,/Users/margaretslein/Desktop/imerss/MICS_Eelgrass_2009_2022.gdb 3/a0000005a.gdbtable|layername=Eelgrass_Poly_2022,2022