Taxon,Taxon.Author,Subtaxon.Author,Common.Name,Kingdom,Phylum,Subphylum,Superclass,Class,Subclass,Superorder,Order,Suborder,Superfamily,Family,Subfamily,Tribe,Genus,Species,Hybrid,Subspecies,Variety,Origin,Provincial.Status,National.Status,Reporting.Status,Observation,Collected.Reported..y.m.d.,Collector.Source,Collection.List,Accession.Number,GBIF.ID,First.Observed,Observer,iNaturalist.Link,Notes,ID,Stats.Code
Achnanthes subconstricta,(F.Meister) K.Toyoda,,diatom,Chromista,Ochrophyta,,,Bacillariophyceae,Bacillariophycidae,,Mastogloiales,,,Achnanthaceae,,,Achnanthes,subconstricta,,,,,unlisted,unlisted,new 2010,observed,,,,,,2010-07-26,Mark Webber,iNat:50191595,,1100778,ALG
Achnanthidium sp.,,,diatom,Chromista,Ochrophyta,,,Bacillariophyceae,,,Achnanthales,,,Achnanthidiaceae,,,Achnanthidium,,,,,,unlisted,unlisted,new 2020,unobserved,2020-11-15,"Mark Webber, Siobhan Schenck & Arjan van Asselt",Webber et al. 2022,WEBBERETAL2022:42,,,,,,345147,ALG
Acrosiphonia arcta,(Dillwyn) Gain,,Arctic sea moss,Plantae,Chlorophyta,,,Ulvophyceae,,,Ulotrichales,,,Ulotrichaceae,,,Acrosiphonia,arcta,,,,,unlisted,unlisted,new 2019,observed,,,,,,2019-05-04,Bridgette Clarkston,iNat:25859551,,464879,ALG
Actinocyclus octonarius,Ehrenberg,,diatom,Chromista,Ochrophyta,,,Bacillariophyceae,Coscinodiscophycidae,,Coscinodiscales,,,Hemidiscaceae,,,Actinocyclus,octonarius,,,,,unlisted,unlisted,new 2022,observed,,,,,,2022-09-26,Mark Webber,iNat:141130114,,359990,ALG
Actinoptychus senarius,(Ehrenberg) Ehrenberg,,diatom,Chromista,Ochrophyta,,,Bacillariophyceae,Coscinodiscophycidae,,Coscinodiscales,,,Hemipeltaceae,,,Actinoptychus,senarius,,,,,unlisted,unlisted,new 2010,observed,,,,,,2010-09-12,Mark Webber,iNat:4874664,,475747,ALG
Actinoptychus splendens,(Shadbolt) Ralfs,,diatom,Chromista,Ochrophyta,,,Bacillariophyceae,Coscinodiscophycidae,,Coscinodiscales,,,Heliopeltaceae,,,Actinoptychus,splendens,,,,,unlisted,unlisted,new 2021,observed,,,,,,2021-05-30,Mark Webber,iNat:187951430,,493504,ALG
Agarum clathratum,Dumortier,,sea colander kelp,Chromista,Ochrophyta,,,Phaeophyceae,Fucophycidae,,Laminariales,,,Agaraceae,,,Agarum,clathratum,,,,,unlisted,unlisted,new 2016,unobserved,2016-01-23,Andy Lamb,PMLS,PMLS2021:987,,,,,"has been recorded from the area as A. cribrosum, species distribution includes Galiano",182956,ALG
Alaria marginata,Postels & Ruprecht,,winged kelp,Chromista,Ochrophyta,,,Phaeophyceae,Fucophycidae,,Laminariales,,,Alariaceae,,,Alaria,marginata,,,,,unlisted,unlisted,new 2016,observed,1996-09-28,Charlie Gibbs,PMLS,PMLS2021:254,,2016-07-18,Andrew Simon,iNat:3701137,common and has been recorded from here,124814,ALG
Amphora abludens,Simonsen,,diatom,Chromista,Ochrophyta,,,Bacillariophyceae,Bacillariophycidae,,Thalassiophysales,,,Catenulaceae,,,Amphora,abludens,,,,,unlisted,unlisted,new 2020,unobserved,2020-11-15,"Mark Webber, Siobhan Schenck & Arjan van Asselt",Webber et al. 2022,WEBBERETAL2022:3,,,,,,1424506,ALG
Amphora beaufortiana,Hustedt,,diatom,Chromista,Ochrophyta,,,Bacillariophyceae,Bacillariophycidae,,Thalassiophysales,,,Catenulaceae,,,Amphora,beaufortiana,,,,,unlisted,unlisted,new 2020,unobserved,2020-11-15,"Mark Webber, Siobhan Schenck & Arjan van Asselt",Webber et al. 2022,WEBBERETAL2022:4,,,,,,1465260,ALG
Amphora calumetica,(Thomas ex Wolle) M.Peragallo,,diatom,Chromista,Ochrophyta,,,Bacillariophyceae,Bacillariophycidae,,Thalassiophysales,,,Catenulaceae,,,Amphora,calumetica,,,,,unlisted,unlisted,new 2020,unobserved,2020-11-15,"Mark Webber, Siobhan Schenck & Arjan van Asselt",Webber et al. 2022,WEBBERETAL2022:5,,,,,,1465259,ALG
Amphora helenensis,Giffen,,diatom,Chromista,Ochrophyta,,,Bacillariophyceae,Bacillariophycidae,,Thalassiophysales,,,Catenulaceae,,,Amphora,helenensis,,,,,unlisted,unlisted,new 2020,unobserved,2020-11-15,"Mark Webber, Siobhan Schenck & Arjan van Asselt",Webber et al. 2022,WEBBERETAL2022:57,,,,,,1424507,ALG
Amphora lineolata,"Ehrenberg, nom. illeg.",,diatom,Chromista,Ochrophyta,,,Bacillariophyceae,Bacillariophycidae,,Thalassiophysales,,,Catenulaceae,,,Amphora,lineolata,,,,,unlisted,unlisted,new 2020,unobserved,2020-11-15,"Mark Webber, Siobhan Schenck & Arjan van Asselt",Webber et al. 2022,WEBBERETAL2022:59,,,,,“the taxonomic or nomenclatural status (or both) of this entity is in some way unresolved and requires further investigation.” (AlgaeBase 2022),970169,ALG
Amphora sulcata,Brébisson ex W.Gregory,,diatom,Chromista,Ochrophyta,,,Bacillariophyceae,Bacillariophycidae,,Thalassiophysales,,,Catenulaceae,,,Amphora,sulcata,,,,,unlisted,unlisted,new 2020,unobserved,2020-11-15,"Mark Webber, Siobhan Schenck & Arjan van Asselt",Webber et al. 2022,WEBBERETAL2022:7,,,,,,1465255,ALG
Amphora vixvisibilis,Chunlian Li & Witkowski,,diatom,Chromista,Ochrophyta,,,Bacillariophyceae,Bacillariophycidae,,Thalassiophysales,,,Catenulaceae,,,Amphora,vixvisibilis,,,,,unlisted,unlisted,new 2020,unobserved,2020-11-15,"Mark Webber, Siobhan Schenck & Arjan van Asselt",Webber et al. 2022,WEBBERETAL2022:8,,,,,,1465254,ALG
Amplisiphonia pacifica,Hollenberg,,red alga,Plantae,Rhodophyta,Eurhodophytina,,Florideophyceae,Rhodymeniophycidae,,Ceramiales,,,Rhodomelaceae,,,Amplisiphonia,pacifica,,,,,unlisted,unlisted,reported,unobserved,2011-05-03,G.W. Saunders & K. Hind,BOLD,GWS027404,,,,,"""Amplisiphonia pacifica"" Barcoded; for some reason GBIF doesn't have BOLD info here, but this specimen is on BOLD site (but think this isn't supposed to be accessible, doesn't come up when doing public search for this species). Assuming taxonomy uncertain, putting name in quotes.",1292322,ALG
Analipus japonicus,(Harvey) M.J.Wynne,,bottlebrush seaweed,Chromista,Ochrophyta,,,Phaeophyceae,Fucophycidae,,Ectocarpales,,,Chordariaceae,,,Analipus,japonicus,,,,,unlisted,unlisted,new 2019,observed,,,,,,2019-05-04,Bridgette Clarkston,iNat:25860485,,130230,ALG
Antithamnion defectum,Kylin,,dwarf skein,Plantae,Rhodophyta,Eurhodophytina,,Florideophyceae,Rhodymeniophycidae,,Ceramiales,,,Ceramiaceae,,Antithamnieae,Antithamnion,defectum,,,,,unlisted,unlisted,new 2023,unobserved,2023-05-27,Zach Montieth,Lindstrom 2023,,,,,,,981421,ALG
Antithamnionella pacifica,(Harvey) E.M.Wollaston,,red alga,Plantae,Rhodophyta,Eurhodophytina,,Florideophyceae,Rhodymeniophycidae,,Ceramiales,,,Ceramiaceae,,,Antithamnionella,pacifica,,,,,unlisted,unlisted,new 2019,observed,1977-11-27,Michael W. Hawkes,UBC,A57501,,2019-05-04,Bridgette Clarkston,iNat:25861010,reported as Antithamnionella pacifica var. pacifica; species distribution includes Galiano,1031132,ALG
Arachnocorallium sp.,,,radiozoan,Chromista,Radiozoa,,,Polycystina,,,Nassellaria,,,Plagiacanthidae,,,Arachnocorallium,,,,,,unlisted,unlisted,new 2006,observed,,,,,,2006-01-24,Mark Webber,iNat:4873076,,521669,ALG
Arachnoidiscus schmidtii,Hajós,,diatom,Chromista,Ochrophyta,,,Bacillariophyceae,Coscinodiscophycidae,,Arachnoidiscales,,,Arachnoidiscaceae,,,Arachnoidiscus,schmidtii,,,,,unlisted,unlisted,new 2005,observed,,,,,,2005-01-31,Mark Webber,iNat:4874715,,521732,ALG
Arcocellulus mammifer,"Hasle, Stosch & Syvertsen",,diatom,Chromista,Bacillariophyta,Bacillariophytina,,Mediophyceae,Cymatosirophycidae,,Cymatosirales,,,Cymatosiraceae,,,Arcocellulus,mammifer,,,,,unlisted,unlisted,new 2020,unobserved,2020-11-15,"Mark Webber, Siobhan Schenck & Arjan van Asselt",Webber et al. 2022,WEBBERETAL2022:60,,,,,,1424509,ALG
Asterionellopsis glacialis,(Castracane) Round,,diatom,Chromista,Ochrophyta,,,Bacillariophyceae,Fragilariophycidae,,Fragilariales,,,Fragilariaceae,,,Asterionellopsis,glacialis,,,,,unlisted,unlisted,new 2004,observed,,,,,,2004-07-25,Mark Webber,iNat:4848898,,428503,ALG
Asteromphalus heptactis,(Brébisson) Ralfs,,diatom,Chromista,Ochrophyta,,,Bacillariophyceae,Coscinodiscophycidae,,Asterolamprales,,,Asterolampraceae,,,Asteromphalus,heptactis,,,,,unlisted,unlisted,new 2007,observed,,,,,,2007-07-13,Mark Webber,iNat:4874751,,521735,ALG
Attheya decora,T.West,,diatom,Chromista,Ochrophyta,,,Bacillariophyceae,Coscinodiscophycidae,,Chaetocerotales,,,Attheyaceae,,,Attheya,decora,,,,,unlisted,unlisted,new 2020,unobserved,2020-11-15,"Mark Webber, Siobhan Schenck & Arjan van Asselt",Webber et al. 2022,WEBBERETAL2022:62,,,,,,969995,ALG
Aulacodiscus sp.,,,diatom,Chromista,Ochrophyta,,,Bacillariophyceae,Coscinodiscophycidae,,Coscinodiscales,,,Aulacodiscaceae,,,Aulacodiscus,,,,,,unlisted,unlisted,new 2010,observed,,,,,,2010-12-29,Mark Webber,iNat:4874758,,521736,ALG
Bacillaria paxiillifer,(O.F.Müller) T.Marsson,,diatom,Chromista,Ochrophyta,,,Bacillariophyceae,Bacillariophycidae,,Bacillariales,,,Bacillariaceae,,,Bacillaria,paxiillifer,,,,,unlisted,unlisted,new 2020,unobserved,2020-11-15,"Mark Webber, Siobhan Schenck & Arjan van Asselt",Webber et al. 2022,WEBBERETAL2022:11,,,,,,1268470,ALG
Berkeleya sp.,,,diatom,Chromista,Ochrophyta,,,Bacillariophyceae,Bacillariophycidae,,Naviculales,Neidiineae,,Berkeleyaceae,,,Berkeleya,,,,,,unlisted,unlisted,new 2020,unobserved,2020-11-15,"Mark Webber, Siobhan Schenck & Arjan van Asselt",Webber et al. 2022,WEBBERETAL2022:13,,,,,,415040,ALG
Biddulphia biddulphiana,(J.E. Smith) Boyer,,diatom,Chromista,Ochrophyta,,,Bacillariophyceae,Coscinodiscophycidae,,Biddulphiales,,,Biddulphiaceae,,,Biddulphia,biddulphiana,,,,,unlisted,unlisted,new 2008,observed,,,,,,2008-07-19,Mark Webber,iNat:4876149,,372546,ALG
Blidingia minima complex,,,green alga,Plantae,Chlorophyta,,,Ulvophyceae,,,Ulvales,,,Ulvaceae,,,Blidingia,minima,,,,,unlisted,unlisted,new 2023,unobserved,2023-05-28,Sandra C. Lindstrom,Lindstrom 2023,17900,,,,,,339000,ALG
Bolidomonas sp.,,,alga,Chromista,Ochrophyta,,,Bolidophyceae,,,Parmales,,,Triparmaceae,,,Bolidomonas,,,,,,unlisted,unlisted,new 2020,unobserved,2020-11-15,"Mark Webber, Siobhan Schenck & Arjan van Asselt",Webber et al. 2022,WEBBERETAL2022:63,,,,,,1424510,ALG
Bonnemaisonia californica,Buffham,,delicately-branched red seaweed,Plantae,Rhodophyta,Eurhodophytina,,Florideophyceae,,,Bonnemaisoniales,,,Bonnemaisoniaceae,,,Bonnemaisonia, californica,,,,,unlisted,unlisted,confirmed,unobserved,2005-12-10,Andy Lamb,PMLS,PMLS2021:1120,,,,,"reported as Bonnemaisonia nootkana; recorded from the area based on records from herbaria, however it is not included in the keys to the area. This record is difficult to confirm without a photo or specimen.",873866,ALG
Bossiella orbigniana,(Decaisne) P.C.Silva,, calcareous articulated coralline red alga,Plantae,Rhodophyta,Eurhodophytina,,Florideophyceae,Corallinophycidae,,Corallinales,,,Corallinaceae,Corallinoideae,,Bossiella,orbigniana,,,,,unlisted,unlisted,reported,unobserved,2011-05-03,G.W. Saunders & K. Hind,BOLD,GWS027413,,,,,barcoded,345276,ALG
Branchioglossum bipinnatifidum,(Montagne) M.J.Wynne,,red alga,Plantae,Rhodophyta,Eurhodophytina,,Florideophyceae,Rhodymeniophycidae,,Ceramiales,,,Delesseriaceae,,,Branchioglossum,bipinnatifidum,,,,,unlisted,unlisted,reported,unobserved,2011-05-04,"G.W. Saunders, K. Hind & B. Clarkston",BOLD,GWS027448,,,,,barcoded,1192720,ALG
Calliarthron tuberculosum,(Postels & Ruprecht) E.Y.Dawson,,articulated coralline algae,Plantae,Rhodophyta,Eurhodophytina,,Florideophyceae,Corallinophycidae,,Corallinales,,,Corallinaceae,Corallinoideae,,Calliarthron,tuberculosum,,,,,unlisted,unlisted,new 2022,observed,,,,,,2022-02-28,Caitlin Robinson,iNat:107677379,,446884,ALG
Callithamnion acutum,Kylin,,red alga,Plantae,Rhodophyta,Eurhodophytina,,Florideophyceae,Rhodymeniophycidae,,Ceramiales,,,Ceramiaceae,,,Callithamnion,acutum,,,,,unlisted,unlisted,new 2019,observed,,,,,,2019-05-04,Bridgette Clarkston,iNat:25859555,,895196,ALG
Callithamnion pikeanum,Harvey,,beauty bush,Plantae,Rhodophyta,Eurhodophytina,,Florideophyceae,Rhodymeniophycidae,,Ceramiales,,,Ceramiaceae,,,Callithamnion,pikeanum,,,,,unlisted,unlisted,reported,unobserved,2006-09-29,Andy Lamb,PMLS,PMLS2021:1182,,,,,common here and we observed during the Bioblitz,117770,ALG
Callophyllis crenulata,Setchell,,red sea fan,Plantae,Rhodophyta,Eurhodophytina,,Florideophyceae,Rhodymeniophycidae,,Gigartinales,,,Kallymeniaceae,,,Callophyllis,crenulata,,,,,unlisted,unlisted,reported,unobserved,2011-05-04,"G.W. Saunders, K. Hind & B. Clarkston",BOLD,GWS027457,,,,,barcoded,345268,ALG
Callophyllis edentata,Kylin,,red sea fan,Plantae,Rhodophyta,Eurhodophytina,,Florideophyceae,Rhodymeniophycidae,,Gigartinales,,,Kallymeniaceae,,,Callophyllis,edentata,,,,,unlisted,unlisted,new 2019,observed,,,,,,2019-05-04,Bridgette Clarkston,iNat:25861012,,895191,ALG
Callophyllis flabellulata,Harvey,,red sea fan,Plantae,Rhodophyta,Eurhodophytina,,Florideophyceae,Rhodymeniophycidae,,Gigartinales,,,Kallymeniaceae,,,Callophyllis,flabellulata,,,,,unlisted,unlisted,new 2019,observed,2011-05-03,G.W. Saunders & K. Hind,BOLD,GWS027403,,2019-05-04,Bridgette Clarkston,iNat:25860491,,446885,ALG
Callophyllis heanophylla,Setchell,,red sea fan,Plantae,Rhodophyta,Eurhodophytina,,Florideophyceae,Rhodymeniophycidae,,Gigartinales,,,Kallymeniaceae,,,Callophyllis,heanophylla,,,,,unlisted,unlisted,reported,unobserved,2011-05-04,"G.W. Saunders, K. Hind & B. Clarkston",BOLD,GWS027451,,,,,barcoded,1292323,ALG
Callophyllis pinnata,Setchell & Swezy in Setchell,,red sea fan,Plantae,Rhodophyta,Eurhodophytina,,Florideophyceae,Rhodymeniophycidae,,Gigartinales,,,Kallymeniaceae,,,Callophyllis,pinnata,,,,,unlisted,unlisted,reported,unobserved,2011-05-04,"G.W. Saunders, K. Hind & B. Clarkston",BOLD,GWS027453,,,,,barcoded,544812,ALG
Callophyllis schneideri,Clarkston & G.W.Saunders,,red sea fan,Plantae,Rhodophyta,Eurhodophytina,,Florideophyceae,Rhodymeniophycidae,,Gigartinales,,,Kallymeniaceae,,,Callophyllis,schneideri,,,,,unlisted,unlisted,reported,unobserved,2011-05-04,"G.W. Saunders, K. Hind & B. Clarkston",BOLD,GWS027442,,,,,barcoded,1337372,ALG
Callophyllis variforma,"Filloramo, Selivanova & G.W.Saunders",,red sea fan,Plantae,Rhodophyta,Eurhodophytina,,Florideophyceae,Rhodymeniophycidae,,Gigartinales,,,Kallymeniaceae,,,Callophyllis,variforma,,,,,unlisted,unlisted,reported,unobserved,2011-05-04,"G.W. Saunders, K. Hind & B. Clarkston",BOLD,GWS027443,,,,,barcoded,1337854,ALG
Ceramium gardneri,Kylin,,banded weed,Plantae,Rhodophyta,Eurhodophytina,,Florideophyceae,Rhodymeniophycidae,,Ceramiales,,,Ceramiaceae,,,Ceramium,gardneri,,,,,unlisted,unlisted,new 2019,observed,,,,,,2019-05-04,Bridgette Clarkston,iNat:25859909,,345256,ALG
Ceramium pacificum,(Collins) Kylin,,hairy pottery seaweed,Plantae,Rhodophyta,Eurhodophytina,,Florideophyceae,Rhodymeniophycidae,,Ceramiales,,,Ceramiaceae,,,Ceramium,pacificum,,,,,unlisted,unlisted,new 2016,observed,2006-11-11,Andy Lamb,PMLS,PMLS2021:1220,,2016-09-01,Andrew Simon,iNat:4017037,,429948,ALG
Cerataulina pelagica,(Cleve) Hendey,,diatom,Chromista,Ochrophyta,,,Bacillariophyceae,Coscinodiscophycidae,,Hemiaulales,,,Hemiaulaceae,,,Cerataulina,pelagica,,,,,unlisted,unlisted,new 2008,observed,,,,,,2008-07-11,Mark Webber,iNat:9290781,,448296,ALG
Ceratium fusus,(Ehrenberg) Dujardin,,dinoflagellate,Chromista,Miozoa,Myzozoa,Dinoflagellata,Dinophyceae,,,Gonyaulacales,,,Ceratiaceae,,,Ceratium,fusus,,,,,unlisted,unlisted,new 2005,observed,,,,,,2005-07-14,Mark Webber,iNat:4848820,,203749,ALG
Ceratium lineatum,(Ehrenberg) Cleve,,dinoflagellate,Chromista,Miozoa,Myzozoa,Dinoflagellata,Dinophyceae,,,Gonyaulacales,,,Ceratiaceae,,,Ceratium,lineatum,,,,,unlisted,unlisted,new 2006,observed,,,,,,2006-01-21,Mark Webber,iNat:9291462,,345251,ALG
Chaetoceros affinis,Lauder,,diatom,Chromista,Ochrophyta,,,Bacillariophyceae,Chaetocerotophycidae,,Chaetocerotales,,,Chaetocerotaceae,,,Chaetoceros,affinis,,,,,unlisted,unlisted,new 2004,observed,,,,,,2004-07-28,Mark Webber,iNat:4876445,,423795,ALG
Chaetoceros concavicornis,L.A. Mangin,,diatom,Chromista,Ochrophyta,,,Bacillariophyceae,Chaetocerotophycidae,,Chaetocerotales,,,Chaetocerotaceae,,,Chaetoceros,concavicornis,,,,,unlisted,unlisted,new 2006,observed,,,,,,2006-01-13,Mark Webber,iNat:4876451,,521748,ALG
Chaetoceros curvisetus,Cleve,,diatom,Chromista,Ochrophyta,,,Bacillariophyceae,Chaetocerotophycidae,,Chaetocerotales,,,Chaetocerotaceae,,,Chaetoceros,curvisetus,,,,,unlisted,unlisted,new 2006,observed,,,,,,2006-01-02,Mark Webber,iNat:4876455,,504135,ALG
Chaetoceros decipiens,Cleve,,diatom,Chromista,Ochrophyta,,,Bacillariophyceae,Chaetocerotophycidae,,Chaetocerotales,,,Chaetocerotaceae,,,Chaetoceros,decipiens,,,,,unlisted,unlisted,new 2008,observed,,,,,,2008-11-09,Mark Webber,iNat:4876188,,446735,ALG
Chaetoceros diadema,(Ehrenberg) Gran,,diatom,Chromista,Ochrophyta,,,Bacillariophyceae,Chaetocerotophycidae,,Chaetocerotales,,,Chaetocerotaceae,,,Chaetoceros,diadema,,,,,unlisted,unlisted,new 2020,unobserved,2020-11-15,"Mark Webber, Siobhan Schenck & Arjan van Asselt",Webber et al. 2022,WEBBERETAL2022:14,,,,,,411115,ALG
Chaetoceros didymus,Ehrenberg,,diatom,Chromista,Ochrophyta,,,Bacillariophyceae,Chaetocerotophycidae,,Chaetocerotales,,,Chaetocerotaceae,,,Chaetoceros,didymus,,,,,unlisted,unlisted,new 2006,observed,,,,,,2006-01-01,Mark Webber,iNat:4849241,,448287,ALG
Chaetoceros laciniosus,F. Schütt,,diatom,Chromista,Ochrophyta,,,Bacillariophyceae,Chaetocerotophycidae,,Chaetocerotales,,,Chaetocerotaceae,,,Chaetoceros,laciniosus,,,,,unlisted,unlisted,new 2009,observed,,,,,,2009-08-11,Mark Webber,iNat:4876214,,521745,ALG
Chaetoceros lorenzianus,Grunow,,diatom,Chromista,Ochrophyta,,,Bacillariophyceae,Chaetocerotophycidae,,Chaetocerotales,,,Chaetocerotaceae,,,Chaetoceros,lorenzianus,,,,,unlisted,unlisted,new 2008,observed,,,,,,2008-11-15,Mark Webber,iNat:4876441,,521747,ALG
Chaetoceros peruvianus,Brightwell,,diatom,Chromista,Ochrophyta,,,Bacillariophyceae,Chaetocerotophycidae,,Chaetocerotales,,,Chaetocerotaceae,,,Chaetoceros,peruvianus,,,,,unlisted,unlisted,new 2022,observed,,,,,,2022-09-26,Mark Webber,iNat:141899549,,411129,ALG
Chaetoceros radicans,F. Schütt,,diatom,Chromista,Ochrophyta,,,Bacillariophyceae,Chaetocerotophycidae,,Chaetocerotales,,,Chaetocerotaceae,,,Chaetoceros,radicans,,,,,unlisted,unlisted,new 2006,observed,,,,,,2006-01-21,Mark Webber,iNat:4876457,,521749,ALG
Chaetoceros socialis,H.S. Lauder,,diatom,Chromista,Ochrophyta,,,Bacillariophyceae,Chaetocerotophycidae,,Chaetocerotales,,,Chaetocerotaceae,,,Chaetoceros,socialis,,,,,unlisted,unlisted,new 2008,observed,,,,,,2008-11-15,Mark Webber,iNat:4876466,,411126,ALG
Chaetoceros wighamii,Brightwell,,diatom,Chromista,Ochrophyta,,,Bacillariophyceae,Chaetocerotophycidae,,Chaetocerotales,,,Chaetocerotaceae,,,Chaetoceros,wighamii,,,,,unlisted,unlisted,new 2020,unobserved,2020-11-15,"Mark Webber, Siobhan Schenck & Arjan van Asselt",Webber et al. 2022,WEBBERETAL2022:17,,,,,,970007,ALG
Chondracanthus exasperatus,(Harvey & Bailey) Hughey,,Turkish towel,Plantae,Rhodophyta,Eurhodophytina,,Florideophyceae,Rhodymeniophycidae,,Gigartinales,,,Gigartinaceae,,,Chondracanthus,exasperatus,,,,,unlisted,unlisted,new 2015,observed,1996-02-04,E. Mcneil,UBC,A82321,,2015-08-28,Lauren Magner,iNat:3734901,,127153,ALG
Cladophora columbiana,Collins,,green pin-cushion alga,Plantae,Chlorophyta,,,Ulvophyceae,,,Cladophorales,,,Cladophoraceae,,,Cladophora,columbiana,,,,,unlisted,unlisted,new 2016,observed,,,,,,2016-09-01,Andrew Simon,iNat:4017201,,117775,ALG
Cladophora sp.,,,sea moss,Plantae,Chlorophyta,,,Ulvophyceae,,,Cladophorales,,,Cladophoraceae,,,Cladophora,,,,,,unlisted,unlisted,reported,unobserved,2013-05-17,Andy Lamb,PMLS,PMLS2021:148,,,,,,53707,ALG
Clathromorphum sp.,,,crustose coralline,Plantae,Rhodophyta,Eurhodophytina,,Florideophyceae,Corallinophycidae,,Corallinales,,,Corallinaceae,,,Clathromorphum,,,,,,unlisted,unlisted,confirmed,unobserved,1993-08-16,Andy Lamb,PMLS,PMLS2021:1054,,,,,,326286,ALG
Cocconeis sp.,,,diatom,Chromista,Ochrophyta,,,Bacillariophyceae,Bacillariophycidae,,Cocconeidales,,,Cocconeidaceae,,,Cocconeis,,,,,,unlisted,unlisted,new 2005,observed,,,,,,2005-07-19,Mark Webber,iNat:5197578,,339306,ALG
Codium fragile,Hariot,,sea staghorn,Plantae,Chlorophyta,,,Ulvophyceae,,,Bryopsidales,,,Codiaceae,,,Codium,fragile,,,,,unlisted,unlisted,confirmed,observed,1977-11-27,Michael W. Hawkes,UBC,A57498,,2023-03-22,Brad West,iNat:151948257,cf Codium fragile subsp. californicum (J.Agardh) Maggs & J.Kelly,67555,ALG
Codium setchellii,N.L.Gardner,,spongy cushion,Plantae,Chlorophyta,,,Ulvophyceae,,,Bryopsidales,,,Codiaceae,,,Codium,setchellii,,,,,unlisted,unlisted,confirmed,unobserved,1994-10-22,Andy Lamb,PMLS,PMLS2021:6,,,,,,117776,ALG
Colpomenia peregrina,Sauvageau,,round brown bag,Chromista,Ochrophyta,,,Phaeophyceae,,,Scytosiphonales,,,Scytosiphonaceae,,,Colpomenia,peregrina,,,,,unlisted,unlisted,new 2015,observed,2006-09-28,Andy Lamb,PMLS,PMLS2021:313,,2015-08-28,Lauren Magner,iNat:3734842,,129737,ALG
Congregatocarpus kurilensis,(Ruprecht) M.J.Wynne,,red alga,Plantae,Rhodophyta,Eurhodophytina,,Florideophyceae,Rhodymeniophycidae,,Ceramiales,,,Delesseriaceae,Delesserioideae,,Congregatocarpus,kurilensis,,,,,unlisted,unlisted,reported,unobserved,2006-09-29,Andy Lamb,PMLS,PMLS2021:1200,,,,,,1424968,ALG
Constantinea simplex,Setchell,,cup and saucer seaweed,Plantae,Rhodophyta,Eurhodophytina,,Florideophyceae,Rhodymeniophycidae,,Gigartinales,,,Dumontiaceae,,,Constantinea,simplex,,,,,unlisted,unlisted,confirmed,observed,1995-02-24,Charlie Gibbs,PMLS,PMLS2021:1067,,,,,,345231,ALG
Constantinea subulifera,Setchell,,giant cup and saucer seaweed,Plantae,Rhodophyta,Eurhodophytina,,Florideophyceae,Rhodymeniophycidae,,Gigartinales,,,Dumontiaceae,,,Constantinea,subulifera,,,,,unlisted,unlisted,reported,confirmed,2016-02-07,Andy Lamb,PMLS,PMLS2021:2221,,2019-05-05,Bridgette Clarkston,iNat:25927075,,473053,ALG
Corallina vancouveriensis,Yendo,,graceful coralline,Plantae,Rhodophyta,Eurhodophytina,,Florideophyceae,Corallinophycidae,,Corallinales,,,Corallinaceae,,,Corallina,vancouveriensis,,,,,unlisted,unlisted,confirmed,unobserved,1995-02-24,Charlie Gibbs,PMLS,PMLS2021:1066,,,,,,126448,ALG
Corethron hystrix,Hensen,,diatom,Chromista,Ochrophyta,,,Bacillariophyceae,Coscinodiscophycidae,,Corethrales,,,Corethraceae,,,Corethron,hystrix,,,,,unlisted,unlisted,new 2006,observed,,,,,,2006-01-06,Mark Webber,iNat:49989060,,484134,ALG
Coscinodiscus granii,L.F. Gough,,diatom,Chromista,Ochrophyta,,,Bacillariophyceae,Coscinodiscophycidae,,Coscinodiscales,,,Coscinodiscaceae,,,Coscinodiscus,granii,,,,,unlisted,unlisted,new 2009,observed,,,,,,2009-08-02,Mark Webber,iNat:9291001,,570485,ALG
Coscinodiscus radiatus,Ehrenberg,,diatom,Chromista,Ochrophyta,,,Bacillariophyceae,Coscinodiscophycidae,,Coscinodiscales,,,Coscinodiscaceae,,,Coscinodiscus,radiatus,,,,,unlisted,unlisted,new 2009,observed,,,,,,2009-12-15,Mark Webber,iNat:40704549,,424382,ALG
Coscinodiscus wailesii,Gran & Angst,,diatom,Chromista,Ochrophyta,,,Bacillariophyceae,Coscinodiscophycidae,,Coscinodiscales,,,Coscinodiscaceae,,,Coscinodiscus,wailesii,,,,,unlisted,unlisted,new 2019,observed,,,,,,2019-09-18,Mark Webber,iNat:44884072,,549788,ALG
Costaria costata,(C. Agardh) De A. Saunders,,seersucker kelp,Chromista,Ochrophyta,,,Phaeophyceae,Fucophycidae,,Laminariales,,,Laminariaceae,,,Costaria,costata,,,,,unlisted,unlisted,new 2017,observed,1993-05-09,Charlie Gibbs,PMLS,PMLS2021:185,,2017-04-08,Tyrel Froese,iNat:5620533,,125877,ALG
Cryptonemia obovata,J.Agardh 1876,,red alga,Plantae,Rhodophyta,Eurhodophytina,,Florideophyceae,Rhodymeniophycidae,,Halymeniales,,,Halymeniaceae,,,Cryptonemia,obovata,,,,,unlisted,unlisted,new 2023,unobserved,2023-05-27,Zach Montieth,Lindstrom 2023,17883,,,,,,345216,ALG
Cryptopleura ruprechtiana,(J.Agardh) Kylin,,hidden rib,Plantae,Rhodophyta,Eurhodophytina,,Florideophyceae,Rhodymeniophycidae,,Ceramiales,,,Delesseriaceae,,Cryptopleureae,Cryptopleura,ruprechtiana,,,,,unlisted,unlisted,new 2019,observed,,,,,,2019-05-04,Bridgette Clarkston,iNat:25861039,,327014,ALG
Cryptosiphonia woodii,(J.Agardh) J.Agardh,,dark branching-tube seaweed,Plantae,Rhodophyta,Eurhodophytina,,Florideophyceae,Rhodymeniophycidae,,Gigartinales,,,Dumontiaceae,,,Cryptosiphonia,woodii,,,,,unlisted,unlisted,new 2019,observed,2009-03-20,Andy Lamb,PMLS,PMLS2021:1744,,2019-05-04,John D Reynolds,iNat:24708735,,117777,ALG
Cumathamnion decipiens,(J.Agardh) M.J.Wynne & G.W.Saunders,,winged rib,Plantae,Rhodophyta,Eurhodophytina,,Florideophyceae,Rhodymeniophycidae,,Ceramiales,,,Delesseriaceae,,,Cumathamnion,decipiens,,,,,unlisted,unlisted,confirmed,observed,2006-09-28,Andy Lamb,PMLS,PMLS2021:1175,,2021-03-13,Dave Zeuss Cochrane,iNat:71178850,reported as Delesseria decipiens,496909,ALG
Cyclotella sp.,,,diatom,Chromista,Ochrophyta,,,Bacillariophyceae,Thalassiosirophycidae,,Stephanodiscales,,,Stephanodiscaceae,,,Cyclotella,,,,,,unlisted,unlisted,new 2006,observed,,,,,,2006-01-24,Mark Webber,iNat:49991081,,345199,ALG
Cylindrotheca closterium,(Ehrenberg) Reimann & J.C.Lewin,,diatom,Chromista,Ochrophyta,,,Bacillariophyceae,Bacillariophycidae,,Bacillariales,,,Bacillariaceae,,,Cylindrotheca,closterium,,,,,unlisted,unlisted,new 2006,observed,,,,,,2006-07-21,Mark Webber,iNat:5197566,,203739,ALG
Cymathaere triplicata,(Postels & Ruprecht) J.Agardh,,three-ribbed kelp,Chromista,Ochrophyta,,,Phaeophyceae,Fucophycidae,,Laminariales,,,Laminariaceae,,,Cymathaere,triplicata,,,,,unlisted,unlisted,reported,unobserved,2008-08-29,Andy Lamb,PMLS,PMLS2021:523,,,,,"Possible, no photo to check",429947,ALG
Cymbella sp.,,,diatom,Chromista,Ochrophyta,,,Bacillariophyceae,Bacillariophycidae,,Cymbellales,,,Cymbellaceae,,,Cymbella,,,,,,unlisted,unlisted,new 2006,observed,,,,,,2006-01-10,Mark Webber,iNat:5197569,,123878,ALG
Dactyliosolen fragilissimus,(Bergon) Hasle,,diatom,Chromista,Ochrophyta,,,Bacillariophyceae,Coscinodiscophycidae,,Rhizosoleniales,,,Rhizosoleniaceae,,,Dactyliosolen,fragilissimus,,,,,unlisted,unlisted,new 2020,observed,,,,,,2020-04-25,Mark Webber,iNat:50047033,,429201,ALG
Desmarestia aculeata,(Linnaeus) J.V.Lamouroux,,wiry acid weed,Chromista,Ochrophyta,,,Phaeophyceae,Fucophycidae,,Desmarestiales,,,Desmarestiaceae,,,Desmarestia,aculeata,,,,,unlisted,unlisted,reported,unobserved,1973-10-03,Sandra C. Lindstrom,UBC,A84175,,,,,"possible, no photo to check",182896,ALG
Desmarestia herbacea,(Turner) J.V.Lamouroux,,colour changer,Chromista,Ochrophyta,,,Phaeophyceae,Fucophycidae,,Desmarestiales,,,Desmarestiaceae,,,Desmarestia,herbacea,,,,,unlisted,unlisted,new 2009,observed,,,,,,2009-07-08,Shera Street,iNat:2635150,,345459,ALG
Desmarestia ligulata,(Stackhouse) J.V. Lamouroux,,flattened acid kelp,Chromista,Ochrophyta,,,Phaeophyceae,Fucophycidae,,Desmarestiales,,,Desmarestiaceae,,,Desmarestia,ligulata,,,,,unlisted,unlisted,new 2019,observed,1991-01-29,Oliver Kaddatz,UBC,A80348,,2019-05-04,Isabelle M. Côté,iNat:129150963,"possible, no photo to check",328357,ALG
Desmarestia viridis,(O.F. Müller) J.V. Lamouroux,,stringy acid weed,Chromista,Ochrophyta,,,Phaeophyceae,Fucophycidae,,Desmarestiales,,,Desmarestiaceae,,,Desmarestia,viridis,,,,,unlisted,unlisted,new 2017,observed,,,,,,2017-04-08,Tyrel Froese,iNat:5620551,,182892,ALG
Detonula pumila,(Castracane) Gran,,diatom,Chromista,Ochrophyta,,,Bacillariophyceae,Thalassiosirophycidae,,Thalassiosirales,,,Thalassiosiraceae,,,Detonula,pumila,,,,,unlisted,unlisted,new 2005,observed,,,,,,2005-07-14,Mark Webber,iNat:5197581,,468053,ALG
Devaleraea mollis,"(Setchell & N.L.Gardner) G.W.Saunders, C.J.Jackson & Salomaki",,thin dulse,Plantae,Rhodophyta,Eurhodophytina,,Florideophyceae,,,Palmariales,,,Palmariaceae,,,Devaleraea,mollis,,,,,unlisted,unlisted,reported,unobserved,2005-12-10,Andy Lamb,PMLS,PMLS2021:1128,,,,,reported as Palmaria mollis,747472,ALG
Dictyocha crux,Ehrenberg,,golden alga,Chromista,Ochrophyta,,,Chrysophyceae,,,Dictyochales,,,Dictyochaceae,,,Dictyocha,crux,,,,,unlisted,unlisted,new 2006,observed,,,,,,2006-07-13,Mark Webber,iNat:5197588,,534455,ALG
Dictyocha fibula,Ehrenberg,,golden alga,Chromista,Ochrophyta,,,Chrysophyceae,,,Dictyochales,,,Dictyochaceae,,,Dictyocha,fibula,,,,,unlisted,unlisted,new 2005,observed,,,,,,2005-01-20,Mark Webber,iNat:4849190,,424389,ALG
Dictyota binghamiae,J.Agardh,,mermaid's gloves,Chromista,Ochrophyta,,,Phaeophyceae,,,Dictyotales,,,Dictyotaceae,,,Dictyota,binghamiae,,,,,unlisted,unlisted,reported,unobserved,1999-05-04,Andy Lamb,PMLS,PMLS2021:276,,,,,"possible, no photo to check",124829,ALG
Dinophysis acuminata,Claparède & Lachmann,,dinoflagellate,Chromista,Miozoa,Myzozoa,Dinoflagellata,Dinophyceae,,,Dinophysiales,,,Dinophysiaceae,,,Dinophysis,acuminata,,,,,unlisted,unlisted,new 2012,observed,,,,,,2012-08-05,Mark Webber,iNat:4849148,,320121,ALG
Diploneis sp.,,,diatom,Chromista,Ochrophyta,,,Bacillariophyceae,Bacillariophycidae,,Naviculales,Diploneidineae,,Diploneidaceae,,,Diploneis,,,,,,unlisted,unlisted,new 2006,observed,,,,,,2006-01-22,Mark Webber,iNat:50195051,,345801,ALG
Ditylum brightwellii,(T. West) Grunow,,diatom,Chromista,Ochrophyta,,,Bacillariophyceae,Coscinodiscophycidae,,Lithodesmidales,,,Lithodesmiaceae,,,Ditylum,brightwellii,,,,,unlisted,unlisted,new 2011,observed,,,,,,2011-11-19,Mark Webber,iNat:4848365,,424387,ALG
Ebria tripartita,(Schumann) Lemmermann,,flagellate,Chromista,Cercozoa,Filosa,Ventrifilosa,Thecofilosea,,,Ebriida,,,Ebriidae,,,Ebria,tripartita,,,,,unlisted,unlisted,new 2022,observed,,,,,,2022-06-25,Andrew Simon,iNat:126984541,,990948,ALG
Egregia menziesii,"(Turner) Areschoug, 1876",,feather boa kelp,Chromista,Ochrophyta,,,Phaeophyceae,Fucophycidae,,Laminariales,,,Lessoniaceae,,,Egregia,menziesii,,,,,unlisted,unlisted,reported,unobserved,1991-01-29,Oliver Kaddatz,UBC,A80351,,,,,,67419,ALG
Ellerbeckia sp.,,,diatom,Chromista,Ochrophyta,,,Bacillariophyceae,Coscinodiscophycidae,,Paraliales,,,Radialiplicataceae,,,Ellerbeckia,,,,,,unlisted,unlisted,new 2020,unobserved,2020-11-15,"Mark Webber, Siobhan Schenck & Arjan van Asselt",Webber et al. 2022,WEBBERETAL2022:78,,,,,,544124,ALG
Encyonema sp.,,,diatom,Chromista,Ochrophyta,,,Bacillariophyceae,Bacillariophycidae,,Cymbellales,,,Gomphonemataceae,,,Encyonema,,,,,,unlisted,unlisted,new 2020,unobserved,2020-11-15,"Mark Webber, Siobhan Schenck & Arjan van Asselt",Webber et al. 2022,WEBBERETAL2022:80,,,,,,345803,ALG
Endocladia muricata,(Endlicher) J.Agardh,,nail brush seaweed,Plantae,Rhodophyta,Eurhodophytina,,Florideophyceae,Rhodymeniophycidae,,Gigartinales,,,Endocladiaceae,,,Endocladia,muricata,,,,,unlisted,unlisted,reported,confirmed,2006-11-11,Andy Lamb,PMLS,PMLS2021:1214,,2019-05-05,Bridgette Clarkston,iNat:25927063,,117781,ALG
Entomoneis sp.,,,diatom,Chromista,Ochrophyta,,,Bacillariophyceae,Bacillariophycidae,,Surirellales,,,Entomoneidaceae,,,Entomoneis,,,,,,unlisted,unlisted,new 2020,unobserved,2020-11-15,"Mark Webber, Siobhan Schenck & Arjan van Asselt",Webber et al. 2022,WEBBERETAL2022:81,,,,,,359960,ALG
Ephemera sp.,,,diatom,Chromista,Ochrophyta,,,Bacillariophyceae,Bacillariophycidae,,Naviculales,Naviculineae,,Plagiotropidaceae,,,Ephemera,,,,,,unlisted,unlisted,new 2008,observed,,,,,,2008-07-19,Mark Webber,iNat:4856515,,173671,ALG
Eucampia zodiacus,Ehrenberg,,diatom,Chromista,Ochrophyta,,,Bacillariophyceae,Coscinodiscophycidae,,Hemiaulales,,,Hemiaulaceae,,,Eucampia,zodiacus,,,,,unlisted,unlisted,new 2004,observed,,,,,,2004-07-23,Mark Webber,iNat:4848935,,468045,ALG
Eupyxidicula turris,(Greville) S.Blanco & C.E.Wetzel,,diatom,Chromista,Ochrophyta,,,Bacillariophyceae,Archaegladiopsophycidae,,Stephanopyxales,,,Stephanopyxidaceae,,,Eupyxidicula,turris,,,,,unlisted,unlisted,new 2005,observed,,,,,,2005-07-14,Mark Webber,iNat:4848947,,1268528,ALG
Extubocellulus cribriger,"Hasle, Stosch & Syvertsen",,diatom,Chromista,Bacillariophyta,Bacillariophytina,,Mediophyceae,Cymatosirophycidae,,Cymatosirales,,,Cymatosiraceae,,,Extubocellulus,cribriger,,,,,unlisted,unlisted,new 2020,unobserved,2020-11-15,"Mark Webber, Siobhan Schenck & Arjan van Asselt",Webber et al. 2022,WEBBERETAL2022:82,,,,,,1424555,ALG
Extubocellulus spinifer,"Hasle, Stosch & Syvertsen",,diatom,Chromista,Bacillariophyta,Bacillariophytina,,Mediophyceae,Cymatosirophycidae,,Cymatosirales,,,Cymatosiraceae,,,Extubocellulus,spinifer,,,,,unlisted,unlisted,new 2020,unobserved,2020-11-15,"Mark Webber, Siobhan Schenck & Arjan van Asselt",Webber et al. 2022,WEBBERETAL2022:83,,,,,,1424557,ALG
Fallacia laevis,Yuh. Li & Hidek,,diatom,Chromista,Ochrophyta,,,Bacillariophyceae,Bacillariophycidae,,Naviculales,Sellaphorineae,,Sellaphorineae,,,Fallacia,laevis,,,,,unlisted,unlisted,new 2020,unobserved,2020-11-15,"Mark Webber, Siobhan Schenck & Arjan van Asselt",Webber et al. 2022,WEBBERETAL2022:23,,,,,,1465273,ALG
Fallacia litoricola,(Hustedt) D.G.Mann,,diatom,Chromista,Ochrophyta,,,Bacillariophyceae,Bacillariophycidae,,Naviculales,Sellaphorineae,,Sellaphorineae,,,Fallacia,litoricola,,,,,unlisted,unlisted,new 2020,unobserved,2020-11-15,"Mark Webber, Siobhan Schenck & Arjan van Asselt",Webber et al. 2022,WEBBERETAL2022:25,,,,,,991554,ALG
Farlowia mollis,(Harvey & Bailey) Farlow & Setchell,,tattered red seaweed,Plantae,Rhodophyta,Eurhodophytina,,Florideophyceae,Rhodymeniophycidae,,Gigartinales,,,Dumontiaceae,,,Farlowia,mollis,,,,,unlisted,unlisted,new 2019,observed,2006-03-05,Andy Lamb,PMLS,PMLS2021:1132,,2019-05-04,Bridgette Clarkston,iNat:25861009,,117783,ALG
Fragilaria capucina,Desmazières,,diatom,Chromista,Ochrophyta,,,Bacillariophyceae,Fragilariophycidae,,Fragilariales,,,Fragilariaceae,,,Fragilaria,capucina,,,,,unlisted,unlisted,new 2004,observed,,,,,,2004-07-20,Mark Webber,iNat:5197628,,345512,ALG
Fragilariopsis cf oceanica,(Cleve) Hasle,,diatom,Chromista,Ochrophyta,,,Bacillariophyceae,Bacillariophycidae,,Bacillariales,,,Bacillariaceae,,,Fragilariopsis,oceanica,,,,,unlisted,unlisted,new 2006,observed,,,,,,2006-01-24,Mark Webber,iNat:5197620,,534459,ALG
Fragilariopsis kerguelensis,(O'Meara) Hustedt,,diatom,Chromista,Ochrophyta,,,Bacillariophyceae,Bacillariophycidae,,Bacillariales,,,Bacillariaceae,,,Fragilariopsis,kerguelensis,,,,,unlisted,unlisted,new 2020,unobserved,2020-11-15,"Mark Webber, Siobhan Schenck & Arjan van Asselt",Webber et al. 2022,WEBBERETAL2022:92,,,,,,1424562,ALG
Fredericqia chiton,"(M.Howe) Maggs, L.Le Gall, Mineur, Provan & G.W. Saunders",,thin forked seaweed,Plantae,Rhodophyta,Eurhodophytina,,Florideophyceae,Rhodymeniophycidae,,Gigartinales,,,Phyllophoraceae,,,Fredericqia,chiton,,,,,unlisted,unlisted,new 2016,unobserved,2016-03-27,Andy Lamb,PMLS,PMLS2021:2257,,,,,reported as Gymnogongrus chiton,957351,ALG
Fredericqia deveauniensis,"Maggs, L.Le Gall, Mineur, Provan & G.W.Saunders",,red alga,Plantae,Rhodophyta,Eurhodophytina,,Florideophyceae,Rhodymeniophycidae,,Gigartinales,,,Phyllophoraceae,,,Fredericqia,deveauniensis,,,,,unlisted,unlisted,new 2019,observed,,,,,,2019-05-05,Bridgette Clarkston,iNat:25927077,,564944,ALG
Fryeella gardneri,(Setchell) Kylin,,arched red seaweed,Plantae,Rhodophyta,Eurhodophytina,,Florideophyceae,Rhodymeniophycidae,,Rhodymeniales,,,Fryeellaceae,,,Fryeella,gardneri,,,,,unlisted,unlisted,confirmed,unobserved,1977-11-27,Michael W. Hawkes,UBC,A57502,,,,,"no change, but no photos to confirm",500286,ALG
Fucus distichus,L.,,rockweed,Chromista,Ochrophyta,,,Phaeophyceae,,,Fucales,,,Fucaceae,,,Fucus,distichus,,,,,unlisted,unlisted,new 2014,observed,1994-09-10,Andy Lamb,PMLS,PMLS2021:196,,2014-02-11,lhurteau,iNat:16788084,syn. Fucus distichus ssp. evanescens,69155,ALG
Gedaniella mutabilis,"Chunlian Li & Witkowski, nom. illeg.",,diatom,Chromista,Ochrophyta,,,Bacillariophyceae,Fragilariophycidae,,Fragilariales,,,Fragilariaceae,,,Gedaniella,mutabilis,,,,,unlisted,unlisted,new 2020,unobserved,2020-11-15,"Mark Webber, Siobhan Schenck & Arjan van Asselt",Webber et al. 2022,WEBBERETAL2022:94,,,,,,1424563,ALG
Gedaniella panicellus,"Chunlian Li, S.X.Yu & Witkowski",,diatom,Chromista,Ochrophyta,,,Bacillariophyceae,Fragilariophycidae,,Fragilariales,,,Fragilariaceae,,,Gedaniella,panicellus,,,,,unlisted,unlisted,new 2020,unobserved,2020-11-15,"Mark Webber, Siobhan Schenck & Arjan van Asselt",Webber et al. 2022,WEBBERETAL2022:95,,,,,,944705,ALG
Gloiocladia fryeana,(Setchell) N.Sánchez & Rodríguez-Prieto,,margined blue branching seaweed,Plantae,Rhodophyta,Eurhodophytina,,Florideophyceae,Rhodymeniophycidae,,Rhodymeniales,,,Faucheaceae,,,Gloiocladia,fryeana,,,,,unlisted,unlisted,confirmed,unobserved,2006-09-29,Andy Lamb,PMLS,PMLS2021:1203,,,,,reported as Fauchea fryeana,865801,ALG
Gloiocladia laciniata,(J.Agardh) Sánchez & Rodríguez-Prieto,,blue branching seaweed,Plantae,Rhodophyta,Eurhodophytina,,Florideophyceae,Rhodymeniophycidae,,Rhodymeniales,,,Faucheaceae,,,Gloiocladia,laciniata,,,,,unlisted,unlisted,new 2019,observed,1995-02-24,Charlie Gibbs,PMLS,PMLS2021:1069,,2019-05-04,Isabelle M. Côté,iNat:129284352,,429862,ALG
Gomphoneis sp.,,,diatom,Chromista,Ochrophyta,,,Bacillariophyceae,Bacillariophycidae,,Cymbellales,,,Gomphonemataceae,,,Gomphoneis,,,,,,unlisted,unlisted,new 2020,unobserved,2020-11-15,"Mark Webber, Siobhan Schenck & Arjan van Asselt",Webber et al. 2022,WEBBERETAL2022:26,,,,,,345404,ALG
Gomphonema acuminatum,Ehrenberg,,diatom,Chromista,Ochrophyta,,,Bacillariophyceae,Bacillariophycidae,,Cymbellales,,,Gomphonemataceae,,,Gomphonema,acuminatum,,,,,unlisted,unlisted,new 2004,observed,,,,,,2004-07-21,Mark Webber,iNat:9291305,,333685,ALG
Gomphonemopsis pseudexigua,Medlin,,diatom,Chromista,Ochrophyta,,,Bacillariophyceae,Bacillariophycidae,,Cymbellales,,,Rhoicospheniaceae,,,Gomphonemopsis,pseudexigua,,,,,unlisted,unlisted,new 2020,unobserved,2020-11-15,"Mark Webber, Siobhan Schenck & Arjan van Asselt",Webber et al. 2022,WEBBERETAL2022:97,,,,,,992202,ALG
Gracilaria pacifica,Abbott,,California limu,Plantae,Rhodophyta,Eurhodophytina,,Florideophyceae,Rhodymeniophycidae,,Gracilariales,,,Gracilariaceae,,,Gracilaria,pacifica,,,,,unlisted,unlisted,reported,unobserved,1996-02-04,E. Mcneil,UBC,A82320,,,,,"no change, but no photos to confirm",497324,ALG
Gracilariophila oryzoides,Setchell & H.L.Wilson,,red alga,Plantae,Rhodophyta,Eurhodophytina,,Florideophyceae,Rhodymeniophycidae,,Gracilariales,,,Gracilariaceae,,,Gracilariophila,oryzoides,,,,,unlisted,unlisted,new 2021,observed,,,,,,2021-04-10,Kevin Toomer,iNat:73655263,,339047,ALG
Gracilariopsis andersonii,(Grunow) E.Y.Dawson,,sea spaghetti,Plantae,Rhodophyta,Eurhodophytina,,Florideophyceae,Rhodymeniophycidae,,Gracilariales,,,Gracilariaceae,,,Gracilariopsis,andersonii,,,,,unlisted,unlisted,new 2019,observed,,,,,,2019-05-04,Bridgette Clarkston,iNat:25861429,,360321,ALG
Griffithsia pacifica,Kylin,,orange-coloured red alga,Plantae,Rhodophyta,Eurhodophytina,,Florideophyceae,Rhodymeniophycidae,,Ceramiales,,,Ceramiaceae,,,Griffithsia,pacifica,,,,,unlisted,unlisted,reported,unobserved,1977-11-27,Michael W. Hawkes,UBC,A57492,,,,,"no change, but no photos to confirm",326993,ALG
Guinardia delicatula,(Cleve) Hasle,,diatom,Chromista,Ochrophyta,,,Bacillariophyceae,Coscinodiscophycidae,,Rhizosoleniales,,,Rhizosoleniaceae,,,Guinardia,delicatula,,,,,unlisted,unlisted,new 2006,observed,,,,,,2006-07-21,Mark Webber,iNat:4873172,,429202,ALG
Guinardia striata,(Stolterfoth) Hasle,,diatom,Chromista,Ochrophyta,,,Bacillariophyceae,Coscinodiscophycidae,,Rhizosoleniales,,,Rhizosoleniaceae,,,Guinardia,striata,,,,,unlisted,unlisted,new 2007,observed,,,,,,2007-01-23,Mark Webber,iNat:4873173,,416666,ALG
Halamphora coffaeiformis,(C. Agardh) Kützing,,diatom,Chromista,Ochrophyta,,,Bacillariophyceae,Bacillariophycidae,,Thalassiophysales,,,Catenulaceae,,,Halamphora,coffaeiformis,,,,,unlisted,unlisted,new 2005,observed,,,,,,2005-07-19,Mark Webber,iNat:4874695,,1269622,ALG
Halamphora margalefii var. lacustris,(P.Sánchez) J.G.Stepanek & Kociolek 2018,,diatom,Chromista,Ochrophyta,,,Bacillariophyceae,Bacillariophycidae,,Thalassiophysales,,,Catenulaceae,,,Amphora,margalefii,,,lacustris,,unlisted,unlisted,new 2020,unobserved,2020-11-15,"Mark Webber, Siobhan Schenck & Arjan van Asselt",Webber et al. 2022,WEBBERETAL2022:6,,,,,,1465258,ALG
Halamphora montana,(Krasske) Levkov,,diatom,Chromista,Ochrophyta,,,Bacillariophyceae,Bacillariophycidae,,Thalassiophysales,,,Catenulaceae,,,Halamphora,montana,,,,,unlisted,unlisted,new 2020,unobserved,2020-11-15,"Mark Webber, Siobhan Schenck & Arjan van Asselt",Webber et al. 2022,WEBBERETAL2022:105,,,,,,506346,ALG
Halamphora nagumoi,"J.G.Stepanek, Mayama & Kociolek",,diatom,Chromista,Ochrophyta,,,Bacillariophyceae,Bacillariophycidae,,Thalassiophysales,,,Catenulaceae,,,Halamphora,nagumoi,,,,,unlisted,unlisted,new 2020,unobserved,2020-11-15,"Mark Webber, Siobhan Schenck & Arjan van Asselt",Webber et al. 2022,WEBBERETAL2022:34,,,,,,1424979,ALG
Halosaccion glandiforme,(S.G. Gmelin) Ruprecht,,sea sacs,Plantae,Rhodophyta,Eurhodophytina,,Florideophyceae,,,Palmariales,,,Palmariaceae,,,Halosaccion,glandiforme,,,,,unlisted,unlisted,new 2016,observed,1996-09-28,Charlie Gibbs,PMLS,PMLS2021:1092,,2016-08-17,Andrew Simon,iNat:3910080,,123649,ALG
Halothrix sp.,,,filamentous green algae,Chromista,Ochrophyta,,,Phaeophyceae,Fucophycidae,,Ectocarpales,,,Chordariaceae,,,Halothrix,,,,,,unlisted,unlisted,new 2020,unobserved,2020-11-15,"Mark Webber, Siobhan Schenck & Arjan van Asselt",Webber et al. 2022,WEBBERETAL2022:106,,,,,,1125023,ALG
Haslea avium,"M.A.Tiffany, Herwig & Sterrenburg",,diatom,Chromista,Ochrophyta,,,Bacillariophyceae,Bacillariophycidae,,Naviculales,Naviculineae,,Naviculaceae,,,Haslea,avium,,,,,unlisted,unlisted,new 2020,unobserved,2020-11-15,"Mark Webber, Siobhan Schenck & Arjan van Asselt",Webber et al. 2022,WEBBERETAL2022:36,,,,,,1465272,ALG
Haslea howeana,(Hagelstein) Giffen,,diatom,Chromista,Ochrophyta,,,Bacillariophyceae,Bacillariophycidae,,Naviculales,Naviculineae,,Naviculaceae,,,Haslea,howeana,,,,,unlisted,unlisted,new 2020,unobserved,2020-11-15,"Mark Webber, Siobhan Schenck & Arjan van Asselt",Webber et al. 2022,WEBBERETAL2022:112,,,,,,1424564,ALG
Haslea pseudostrearia,"Massé, Rincé & E.J.Cox",,diatom,Chromista,Ochrophyta,,,Bacillariophyceae,Bacillariophycidae,,Naviculales,Naviculineae,,Naviculaceae,,,Haslea,pseudostrearia,,,,,unlisted,unlisted,new 2020,unobserved,2020-11-15,"Mark Webber, Siobhan Schenck & Arjan van Asselt",Webber et al. 2022,WEBBERETAL2022:116,,,,,,1424565,ALG
Hedophyllum nigripes,"(J.Agardh) Starko, S.C.Lindstrom & Martone",,kelp,Chromista,Ochrophyta,,,Phaeophyceae,Fucophycidae,,Laminariales,,,Lessoniaceae,,,Hedophyllum,nigripes,,,,,unlisted,unlisted,reported,unobserved,2009-10-10,Andy Lamb,PMLS,PMLS2021:738,,,,,"reported as Hedophyllum bongardianum (“a NW Pacific species. This species has gone by numerous other names in the local flora: Laminaria groenlandica, Saccharina groenlandica, Saccharina nigripes, Saccharina subsimplex--they are all the same thing!” Sandra Lindstrom pers. comm. 2023)",1267794,ALG
Herposiphonia plumula,(J.Agardh) Falkenberg,,red alga,Plantae,Rhodophyta,Eurhodophytina,,Florideophyceae,Rhodymeniophycidae,,Ceramiales,,,Rhodomelaceae,,,Herposiphonia,plumula,,,,,unlisted,unlisted,reported,unobserved,2011-05-03,G.W. Saunders & K. Hind,BOLD,GWS027411,,,,,"""Herposiphonia plumula"" COI Sequenced; for some reason GBIF doesn't have BOLD info here, but this specimen is on BOLD site (but think this isn't supposed to be accessible, doesn't come up when doing public search for this species). Assuming taxonomy uncertain, putting name in quotes.",1238397,ALG
Heterosigma sp.,,,golden tide alga,Chromista,Ochrophyta,,,Raphidophyceae,,,Chattonellales,,,Chattonellaceae,,,Heterosigma,,,,,,unlisted,unlisted,new 2020,unobserved,2020-11-15,"Mark Webber, Siobhan Schenck & Arjan van Asselt",Webber et al. 2022,WEBBERETAL2022:117,,,,,,607366,ALG
Heterosiphonia densiuscula,Kylin,,red alga,Plantae,Rhodophyta,Eurhodophytina,,Florideophyceae,Rhodymeniophycidae,,Ceramiales,,,Delesseriaceae,Heterosiphonioideae,,Heterosiphonia,densiuscula,,,,,unlisted,unlisted,new 2023,unobserved,2023-05-27,Zach Montieth,Lindstrom 2023,17896,,,,,Note: some have synonymized Heterosiphonia densiuscula with Dasysiphonia japonica,558074,ALG
Hildenbrandia species complex,,,rusty rock,Plantae,Rhodophyta,Eurhodophytina,,Florideophyceae,,,Hildenbrandiales,,,Hildenbrandiaceae,,,Hildenbrandia,,,,,,unlisted,unlisted,new 2019,observed,,,,,,2019-05-04,Bridgette Clarkston,iNat:25859343,,183033,ALG
Hippodonta pseudacceptata,"(H.Kobayasi) Lange-Bertalot, Metzeltin & Witkowski",,diatom,Chromista,Ochrophyta,,,Bacillariophyceae,Bacillariophycidae,,Naviculales,Naviculineae,,Naviculaceae,,,Navicula,pseudacceptata,,,,,unlisted,unlisted,new 2020,unobserved,2020-11-15,"Mark Webber, Siobhan Schenck & Arjan van Asselt",Webber et al. 2022,WEBBERETAL2022:549,,,,,,1454207,ALG
Hobaniella longicruris,(Greville) P.A.Sims & D.M.Williams,,diatom,Chromista,Ochrophyta,,,Bacillariophyceae,,,incertae sedis,,,incertae sedis,,,Hobaniella,longicruris,,,,,unlisted,unlisted,new 2005,observed,,,,,,2005-07-14,Mark Webber,iNat:50022381,,1269705,ALG
Hyalodiscus scoticus,(Kützing) Grunow ,,diatom,Chromista,Ochrophyta,,,Bacillariophyceae,Coscinodiscophycidae,,Melosirales,,,Hyalodiscaceae,,,Hyalodiscus,scoticus,,,,,unlisted,unlisted,new 2020,observed,2020-11-15,"Mark Webber, Siobhan Schenck & Arjan van Asselt",Webber et al. 2022,WEBBERETAL2022:120,,2020-11-15,Mark Webber,iNat:144093594,,1424566,ALG
Hymenena sp.,,,black-lined red seaweed,Plantae,Rhodophyta,Eurhodophytina,,Florideophyceae,Rhodymeniophycidae,,Ceramiales,,,Delesseriaceae,,,Hymenena,,,,,,unlisted,unlisted,confirmed,unobserved,2005-12-10,Andy Lamb,PMLS,PMLS2021:1122,,,,,,339066,ALG
Isthmia nervosa,Kützing,,diatom,Chromista,Ochrophyta,,,Bacillariophyceae,Coscinodiscophycidae,,Biddulphiales,,,Biddulphiaceae,,,Isthmia,nervosa,,,,,unlisted,unlisted,new 2008,observed,,,,,,2008-07-20,Mark Webber,iNat:5197632,,348140,ALG
Kallymeniopsis oblongifructa,(Setchell) G.I.Hansen,,red alga,Plantae,Rhodophyta,Eurhodophytina,,Florideophyceae,Rhodymeniophycidae,,Gigartinales,,,Kallymeniaceae,,,Erythrophyllum,oblongifructum,,,,,unlisted,unlisted,new 2023,unobserved,2023-05-27,Zach Montieth,Lindstrom 2023,17895,,,,,reported as Kallymeniopsis oblongifructa,1503166,ALG
Labyrinthula zosterae,D. Porter & Muehlst,,protist,Chromista,Bigyra,,,Labyrinthulea,,,Labyrinthulida,,,Labyrinthulaceae,,,Labyrinthula,zosterae,,,,,unlisted,unlisted,new 2019,observed,,,,,,2019-05-04,Emily Adamczyk,iNat:24697615,,1005156,ALG
Leathesia marina,(Lyngbye) Decaisne,,sea cauliflower,Chromista,Ochrophyta,,,Phaeophyceae,Fucophycidae,,Ectocarpales,,,Chordariaceae,,,Leathesia,marina,,,,,unlisted,unlisted,new 2015,observed,,,,,,2015-08-28,Lauren Magner,iNat:3734987,,502380,ALG
Leptocylindrus danicus,Cleve,,diatom,Chromista,Ochrophyta,,,Bacillariophyceae,Coscinodiscophycidae,,Chaetocerotales,,,Leptocylindraceae,,,Leptocylindrus,danicus,,,,,unlisted,unlisted,new 2012,observed,,,,,,2012-08-05,Mark Webber,iNat:50001446,,521678,ALG
Leptocylindrus minimus,Gran,,diatom,Chromista,Ochrophyta,,,Bacillariophyceae,Coscinodiscophycidae,,Chaetocerotales,,,Leptocylindraceae,,,Leptocylindrus,minimus,,,,,unlisted,unlisted,new 2012,observed,,,,,,2012-07-30,Mark Webber,iNat:50003266,,469827,ALG
Licmophora ehrenbergii,(Kützing) Grunow ,,diatom,Chromista,Ochrophyta,,,Bacillariophyceae,Fragilariophycidae,,Licmophorales,,,Licmophoraceae,,,Licmophora,ehrenbergii,,,,,unlisted,unlisted,new 2020,unobserved,2020-11-15,"Mark Webber, Siobhan Schenck & Arjan van Asselt",Webber et al. 2022,WEBBERETAL2022:37,,,,,,1404857,ALG
Licmophora flabellata,(Greville) C.Agardh,,diatom,Chromista,Ochrophyta,,,Bacillariophyceae,Fragilariophycidae,,Licmophorales,,,Licmophoraceae,,,Licmophora,flabellata,,,,,unlisted,unlisted,new 2011,observed,,,,,,2011-11-19,Mark Webber,iNat:50058346,,474014,ALG
Licmophora paradoxa,(Lyngbye) C.Agardh,,diatom,Chromista,Ochrophyta,,,Bacillariophyceae,Fragilariophycidae,,Licmophorales,,,Licmophoraceae,,,Licmophora,paradoxa,,,,,unlisted,unlisted,new 2020,unobserved,2020-11-15,"Mark Webber, Siobhan Schenck & Arjan van Asselt",Webber et al. 2022,WEBBERETAL2022:129,,,,,,1424567,ALG
Lithothamnion sp.,,,thalloid red alga,Plantae,Rhodophyta,Eurhodophytina,,Florideophyceae,Corallinophycidae,,Corallinales,,,Corallinaceae,,,Lithothamnion,,,,,,unlisted,unlisted,new 2015,observed,,,,,,2015-01-01,Peter,iNat:2797300,,117829,ALG
Lomentaria hakodatensis,Yendo,,red alga,Plantae,Rhodophyta,Eurhodophytina,,Florideophyceae,Rhodymeniophycidae,,Rhodymeniales,,,Lomentariaceae,,,Lomentaria,hakodatensis,,,,,unlisted,unlisted,new 2019,observed,,,,,,2019-05-24,Bridgette Clarkston,iNat:25861437,,345348,ALG
Loranthophycus californicus,E.Y.Dawson,,parasitic red alga,Plantae,Rhodophyta,Eurhodophytina,,Florideophyceae,Rhodymeniophycidae,,Ceramiales,,,Delesseriaceae,,,Loranthophycus,californicus,,,,,unlisted,unlisted,reported,unobserved,2011-05-04,"G.W. Saunders, K. Hind & B. Clarkston",BOLD,GWS027463,,,,,"""Loranthophycus californicus” COI Sequenced; name updated from Holmesia californica (E.Y.Dawson) E.Y.Dawson (from algaebase, but doesn't appear to be a new update yet G&L key still lists Holmesia with no comment); for some reason GBIF doesn't have BOLD info here, but this specimen is on BOLD site (but think this isn't supposed to be accessible, doesn't come up when doing public search for this species). Assuing taxonomy uncertain, putting name in quotes.",504865,ALG
Mastocarpus species complex,,,Turkish washcloth,Plantae,Rhodophyta,Eurhodophytina,,Florideophyceae,Rhodymeniophycidae,,Gigartinales,,,Phyllophoraceae,,,Mastocarpus,,,,,,unlisted,unlisted,new 2015,observed,,,,,,2015-08-28,Lauren Magner,iNat:3734998,,117821,ALG
Mazzaella oregona,"(Doty) Hughey, P.C.Silva & Hommersand",,northern mazza weed,Plantae,Rhodophyta,Eurhodophytina,,Florideophyceae,Rhodymeniophycidae,,Gigartinales,,,Gigartinaceae,,,Mazzaella,oregona,,,,,unlisted,unlisted,new 2019,observed,,,,,,2019-05-04,Bridgette Clarkston,iNat:25861031,,362211,ALG
Mazzaella splendens,(Setchell & N.L. Gardner) Fredericq,,iridescent seaweed,Plantae,Rhodophyta,Eurhodophytina,,Florideophyceae,Rhodymeniophycidae,,Gigartinales,,,Gigartinaceae,,,Mazzaella,splendens,,,,,unlisted,unlisted,new 2016,observed,,,,,,2016-07-11,Adam Huggins,iNat:3684445,,71118,ALG
Melanosiphon intestinalis,(De A.Saunders) M.J.Wynne,,twisted sea tubes,Chromista,Ochrophyta,,,Phaeophyceae,Fucophycidae,,Ectocarpales,,,Chordariaceae,,,Melanosiphon,intestinalis,,,,,unlisted,unlisted,new 2019,observed,,,,,,2019-05-04,Bridgette Clarkston,iNat:25859913,,345332,ALG
Melosira moniliformis,C.Agardh,,diatom,Chromista,Ochrophyta,,,Bacillariophyceae,Coscinodiscophycidae,,Melosirales,,,Melosiraceae,,,Melosira,moniliformis,,,,,unlisted,unlisted,new 2012,observed,,,,,,2012-07-13,Mark Webber,iNat:4873148,,359966,ALG
Melosira nummuloides,C. Agardh.,,diatom,Chromista,Ochrophyta,,,Bacillariophyceae,Coscinodiscophycidae,,Melosirales,,,Melosiraceae,,,Melosira,nummuloides,,,,,unlisted,unlisted,new 2010,observed,,,,,,2010-12-26,Mark Webber,iNat:50020707,,460262,ALG
Membraneis challengeri,(Grunow) Paddock,,diatom,Chromista,Ochrophyta,,,Bacillariophyceae,Bacillariophycidae,,Naviculales,Naviculineae,,Naviculaceae,,,Membraneis,challengeri,,,,,unlisted,unlisted,new 2005,observed,,,,,,2005-07-14,Mark Webber,iNat:50275774,,521233,ALG
Membranoptera platyphylla,(Setchell & N.L.Gardner) Kylin,,feather-veined red seaweed,Plantae,Rhodophyta,Eurhodophytina,,Florideophyceae,Rhodymeniophycidae,,Ceramiales,,,Delesseriaceae,Delesserioideae,,Membranoptera,platyphylla,,,,,unlisted,unlisted,confirmed,observed,1977-11-27,Michael W. Hawkes,UBC,A57497,,2022-02-24,Andrew Simon,iNat:107423008,reported as Membranoptera multiramosa,873897,ALG
Mesophyllum sp.,,,red alga,Plantae,Rhodophyta,Eurhodophytina,,Florideophyceae,Corallinophycidae,,Corallinales,,,Mesophyllumaceae,,,Mesophyllum,,,,,,unlisted,unlisted,new 2020,unobserved,2020-11-15,"Mark Webber, Siobhan Schenck & Arjan van Asselt",Webber et al. 2022,WEBBERETAL2022:135,,,,,,1424569,ALG
Microcladia borealis,Ruprecht,,coarse sea lace,Plantae,Rhodophyta,Eurhodophytina,,Florideophyceae,Rhodymeniophycidae,,Ceramiales,,,Ceramiaceae,,,Microcladia,borealis,,,,,unlisted,unlisted,new 2019,observed,2006-11-11,Andy Lamb,PMLS,PMLS2021:1215,,2019-05-04,Bridgette Clarkston,iNat:25860480,,339006,ALG
Microcladia coulteri,Harvey,,delicate sea lace,Plantae,Rhodophyta,Eurhodophytina,,Florideophyceae,Rhodymeniophycidae,,Ceramiales,,,Ceramiaceae,,,Microcladia,coulteri,,,,,unlisted,unlisted,new 2016,observed,2006-11-18,Andy Lamb,PMLS,PMLS2021:1239,,2016-07-11,Adam Huggins,iNat:3684449,,71116,ALG
Minidiscus chilensis,Rivera,,diatom,Chromista,Ochrophyta,,,Bacillariophyceae,Thalassiosirophycidae,,Thalassiosirales,,,Thalassiosiraceae,,,Minidiscus,chilensis,,,,,unlisted,unlisted,new 2021,observed,,,,,,2021-03-07,Mark Webber,iNat:171845682,,1125490,ALG
Minidiscus trioculatus,(F.J.R.Taylor) Hasle,,diatom,Chromista,Ochrophyta,,,Bacillariophyceae,Thalassiosirophycidae,,Thalassiosirales,,,Thalassiosiraceae,,,Minidiscus,trioculatus,,,,,unlisted,unlisted,new 2005,observed,2020-11-15,"Mark Webber, Siobhan Schenck & Arjan van Asselt",Webber et al. 2022,WEBBERETAL2022:136,,2005-07-24,Mark Webber,iNat:4873137,,1125489,ALG
Minidiscus variabili,Kaczmarska,,diatom,Chromista,Ochrophyta,,,Bacillariophyceae,Thalassiosirophycidae,,Thalassiosirales,,,Thalassiosiraceae,,,Minidiscus,variabili,,,,,unlisted,unlisted,new 2020,unobserved,2020-11-15,"Mark Webber, Siobhan Schenck & Arjan van Asselt",Webber et al. 2022,WEBBERETAL2022:41,,,,,,1424978,ALG
Monostroma grevillei,(Thuret) Wittrock,,sea cellophane,Plantae,Chlorophyta,,,Ulvophyceae,,,Ulotrichales,,,Monostromataceae,,,Monostroma,grevillei,,,,,unlisted,unlisted,new 2019,observed,,,,,,2019-05-04,Bridgette Clarkston,iNat:25859558,,465247,ALG
Nanofrustulum wachnickianum,"Chunlian Li, A.Witkowski & M.P.Ashworth",,diatom,Chromista,Ochrophyta,,,Bacillariophyceae,Fragilariophycidae,,Fragilariales,,,Staurosiraceae,,,Nanofrustulum,wachnickianum,,,,,unlisted,unlisted,new 2020,unobserved,2020-11-15,"Mark Webber, Siobhan Schenck & Arjan van Asselt",Webber et al. 2022,WEBBERETAL2022:691,,,,,,1465265,ALG
Navicula avium,"(M.E.Tiffany, Herwig & Sterrenburg) Yuhang Li & Kuidong Xi",,diatom,Chromista,Ochrophyta,,,Bacillariophyceae,Bacillariophycidae,,Naviculales,Naviculineae,,Naviculaceae,,,Navicula,avium,,,,,unlisted,unlisted,new 2020,unobserved,2020-11-15,"Mark Webber, Siobhan Schenck & Arjan van Asselt",Webber et al. 2022,WEBBERETAL2022:518,,,,,,1424571,ALG
Navicula cari,Ehrenberg 1836,,diatom,Chromista,Ochrophyta,,,Bacillariophyceae,Bacillariophycidae,,Naviculales,Naviculineae,,Naviculaceae,,,Navicula,cari,,,,,unlisted,unlisted,new 2020,unobserved,2020-11-15,"Mark Webber, Siobhan Schenck & Arjan van Asselt",Webber et al. 2022,WEBBERETAL2022:524,,,,,,492500,ALG
Navicula glaciei,Van Heurck,,diatom,Chromista,Ochrophyta,,,Bacillariophyceae,Bacillariophycidae,,Naviculales,Naviculineae,,Naviculaceae,,,Navicula,glaciei,,,,,unlisted,unlisted,new 2020,unobserved,2020-11-15,"Mark Webber, Siobhan Schenck & Arjan van Asselt",Webber et al. 2022,WEBBERETAL2022:525,,,,,,1424572,ALG
Navicula hippodontafallax,Ch.Li in Witkowski et al.,,diatom,Chromista,Ochrophyta,,,Bacillariophyceae,Bacillariophycidae,,Naviculales,Naviculineae,,Naviculaceae,,,Navicula,hippodontafallax,,,,,unlisted,unlisted,new 2020,unobserved,2020-11-15,"Mark Webber, Siobhan Schenck & Arjan van Asselt",Webber et al. 2022,WEBBERETAL2022:532,,,,,,1465275,ALG
Navicula kongfjordensis,Stachura et al.,,diatom,Chromista,Ochrophyta,,,Bacillariophyceae,Bacillariophycidae,,Naviculales,Naviculineae,,Naviculaceae,,,Navicula,kongfjordensis,,,,,unlisted,unlisted,new 2020,unobserved,2020-11-15,"Mark Webber, Siobhan Schenck & Arjan van Asselt",Webber et al. 2022,WEBBERETAL2022:533,,,,,,1465261,ALG
Navicula perminuta,Grunow,,diatom,Chromista,Ochrophyta,,,Bacillariophyceae,Bacillariophycidae,,Naviculales,Naviculineae,,Naviculaceae,,,Navicula,perminuta,,,,,unlisted,unlisted,new 2020,unobserved,2020-11-15,"Mark Webber, Siobhan Schenck & Arjan van Asselt",Webber et al. 2022,WEBBERETAL2022:539,,,,,,1000896,ALG
Navicula ramosissima,(C.Agardh) Cleve,,diatom,Chromista,Ochrophyta,,,Bacillariophyceae,Bacillariophycidae,,Naviculales,Naviculineae,,Naviculaceae,,,Navicula,ramosissima,,,,,unlisted,unlisted,new 2020,unobserved,2020-11-15,"Mark Webber, Siobhan Schenck & Arjan van Asselt",Webber et al. 2022,WEBBERETAL2022:552,,,,,,971073,ALG
Navicula reinhardtii,(Grunow) Grunow,,diatom,Chromista,Ochrophyta,,,Bacillariophyceae,Bacillariophycidae,,Naviculales,Naviculineae,,Naviculaceae,,,Navicula,reinhardtii,,,,,unlisted,unlisted,new 2020,unobserved,2020-11-15,"Mark Webber, Siobhan Schenck & Arjan van Asselt",Webber et al. 2022,WEBBERETAL2022:553,,,,,,713270,ALG
Navicula rhynchocephala,Kützing,,diatom,Chromista,Ochrophyta,,,Bacillariophyceae,Bacillariophycidae,,Naviculales,Naviculineae,,Naviculaceae,,,Navicula,rhynchocephala var. hankensis,,,,,unlisted,unlisted,new 2020,unobserved,2020-11-15,"Mark Webber, Siobhan Schenck & Arjan van Asselt",Webber et al. 2022,WEBBERETAL2022:554,,,,,"reported as Navicula rhynchocephala var. hankensis Skvortzov, nom. illeg. 1929; freshwater species? (AlgaeBase, 2023)",496854,ALG
Navicula rhynchotella,Lange-Bertalot,,diatom,Chromista,Ochrophyta,,,Bacillariophyceae,Bacillariophycidae,,Naviculales,Naviculineae,,Naviculaceae,,,Navicula,rhynchotella,,,,,unlisted,unlisted,new 2020,unobserved,2020-11-15,"Mark Webber, Siobhan Schenck & Arjan van Asselt",Webber et al. 2022,WEBBERETAL2022:555,,,,,,492509,ALG
Navicula septentrionalis,Cleve,,diatom,Chromista,Ochrophyta,,,Bacillariophyceae,Bacillariophycidae,,Naviculales,Naviculineae,,Naviculaceae,,,Navicula,septentrionalis,,,,,unlisted,unlisted,new 2008,observed,,,,,,2008-07-23,Mark Webber,iNat:4874617,,1269159,ALG
Navicula slesvicensis,Grunow,,diatom,Chromista,Ochrophyta,,,Bacillariophyceae,Bacillariophycidae,,Naviculales,Naviculineae,,Naviculaceae,,,Navicula,slesvicensis,,,,,unlisted,unlisted,new 2020,unobserved,2020-11-15,"Mark Webber, Siobhan Schenck & Arjan van Asselt",Webber et al. 2022,WEBBERETAL2022:556,,,,,,1450859,ALG
Neoagarum fimbriatum,(Harvey) H.Kawai & T.Hanyuda,,fringed sea colander kelp,Chromista,Ochrophyta,,,Phaeophyceae,Fucophycidae,,Laminariales,,,Agaraceae,,,Neoagarum,fimbriatum,,,,,unlisted,unlisted,new 2019,observed,1994-10-07,Andy Lamb,PMLS,PMLS2021:205,,2019-05-04,Isabelle M. Côté,iNat:129151046,,895193,ALG
Neocalyptrella robusta,(G. Norman ex Ralfs) Hernández-Becerril & Meave del Castillo,,diatom,Chromista,Ochrophyta,,,Bacillariophyceae,Coscinodiscophycidae,,Rhizosoleniales,,,Rhizosoleniaceae,,,Neocalyptrella,robusta,,,,,unlisted,unlisted,new 2010,observed,,,,,,2010-12-26,Mark Webber,iNat:48460936,,493946,ALG
Neogastroclonium subarticulatum,"(Turner) L.Le Gall, Dalen & G.W.Saunders",,sea belly,Plantae,Rhodophyta,Eurhodophytina,,Florideophyceae,Rhodymeniophycidae,,Rhodymeniales,,,Champiaceae,,,Neogastroclonium,subarticulatum,,,,,unlisted,unlisted,new 2019,observed,,,,,,2019-05-04,Bridgette Clarkston,iNat:25861014,,339052,ALG
Neoporphyra perforata,(J. Agardh) L.-E.Yang & J.Brodie,,red laver,Plantae,Rhodophyta,Eurhodophytina,,Bangiophyceae,,,Bangiales,,,Bangiaceae,,,Neoporphyra,perforata,,,,,unlisted,unlisted,new 2019,observed,,,,,,2019-05-04,Bridgette Clarkston,iNat:25859054,,370273,ALG
Neorhodomela larix,(Turner) Masuda,,black pine seaweed,Plantae,Rhodophyta,Eurhodophytina,,Florideophyceae,Rhodymeniophycidae,,Ceramiales,,,Rhodomelaceae,,,Neorhodomela,larix,,,,,unlisted,unlisted,new 2017,observed,,,,,,2017-01-27,Tyrel Froese,iNat:5020868,,67413,ALG
Neorhodomela oregona,(Doty) Masuda,,Oregon pine,Plantae,Rhodophyta,Eurhodophytina,,Florideophyceae,Rhodymeniophycidae,,Ceramiales,,,Rhodomelaceae,,,Neorhodomela,oregona,,,,,unlisted,unlisted,new 2023,unobserved,2023-05-28,Sandra C. Lindstrom,Lindstrom 2023,17899,,,,,,709410,ALG
Nereocystis luetkeana,(K.Mertens) Postels & Ruprecht,,bull kelp,Chromista,Ochrophyta,,,Phaeophyceae,Fucophycidae,,Laminariales,,,Lessoniaceae,,,Nereocystis,luetkeana,,,,,unlisted,unlisted,new 2015,observed,1985-07-29,Andy Lamb,PMLS,PMLS2021:182,,2015-08-28,Lauren Magner,iNat:3735010,,120499,ALG
Nitzschia amabilis,H.Suzuki,,diatom,Chromista,Ochrophyta,,,Bacillariophyceae,Bacillariophycidae,,Bacillariales,,,Bacillariaceae,,,Nitzschia,laevis,,,,,unlisted,unlisted,new 2020,unobserved,2020-11-15,"Mark Webber, Siobhan Schenck & Arjan van Asselt",Webber et al. 2022,WEBBERETAL2022:597,,,,,,1137256,ALG
Nitzschia dubiiformis,Hustedt,,diatom,Chromista,Ochrophyta,,,Bacillariophyceae,Bacillariophycidae,,Bacillariales,,,Bacillariaceae,,,Nitzschia,dubiiformis,,,,,unlisted,unlisted,new 2020,unobserved,2020-11-15,"Mark Webber, Siobhan Schenck & Arjan van Asselt",Webber et al. 2022,WEBBERETAL2022:594,,,,,,1424970,ALG
Nitzschia microcephala,Grunow,,diatom,Chromista,Ochrophyta,,,Bacillariophyceae,Bacillariophycidae,,Bacillariales,,,Bacillariaceae,,,Nitzschia,microcephala,,,,,unlisted,unlisted,new 2020,unobserved,2020-11-15,"Mark Webber, Siobhan Schenck & Arjan van Asselt",Webber et al. 2022,WEBBERETAL2022:604,,,,,,492477,ALG
Nitzschia promare,Medlin,,diatom,Chromista,Ochrophyta,,,Bacillariophyceae,Bacillariophycidae,,Bacillariales,,,Bacillariaceae,,,Nitzschia,promare,,,,,unlisted,unlisted,new 2020,unobserved,2020-11-15,"Mark Webber, Siobhan Schenck & Arjan van Asselt",Webber et al. 2022,WEBBERETAL2022:605,,,,,,1465262,ALG
Nitzschia pumila,Hustedt,,diatom,Chromista,Ochrophyta,,,Bacillariophyceae,Bacillariophycidae,,Bacillariales,,,Bacillariaceae,,,Nitzschia,pumila,,,,,unlisted,unlisted,new 2020,unobserved,2020-11-15,"Mark Webber, Siobhan Schenck & Arjan van Asselt",Webber et al. 2022,WEBBERETAL2022:699,,,,,,1450878,ALG
Nitzschia recta,Hantzsch ex Rabenhorst,,diatom,Chromista,Ochrophyta,,,Bacillariophyceae,Bacillariophycidae,,Bacillariales,,,Bacillariaceae,,,Nitzschia,recta,,,,,unlisted,unlisted,new 2020,unobserved,2020-11-15,"Mark Webber, Siobhan Schenck & Arjan van Asselt",Webber et al. 2022,WEBBERETAL2022:606,,,,,,492481,ALG
Nitzschia reversa,W.Smith,,diatom,Chromista,Ochrophyta,,,Bacillariophyceae,Bacillariophycidae,,Bacillariales,,,Bacillariaceae,,,Nitzschia,reversa,,,,,unlisted,unlisted,new 2006,observed,,,,,,2006-01-11,Mark Webber,iNat:50303688,,479914,ALG
Nitzschia sigmoidea,(Nitzsch) W.Smith,,diatom,Chromista,Ochrophyta,,,Bacillariophyceae,Bacillariophycidae,,Bacillariales,,,Bacillariaceae,,,Nitzschia,sigmoidea,,,,,unlisted,unlisted,new 2020,unobserved,2020-11-15,"Mark Webber, Siobhan Schenck & Arjan van Asselt",Webber et al. 2022,WEBBERETAL2022:608,,,,,,494455,ALG
Nitzschia spathulata,Brébisson ex W.Smith,,diatom,Chromista,Ochrophyta,,,Bacillariophyceae,Bacillariophycidae,,Bacillariales,,,Bacillariaceae,,,Nitzschia,spathulata,,,,,unlisted,unlisted,new 2020,unobserved,2020-11-15,"Mark Webber, Siobhan Schenck & Arjan van Asselt",Webber et al. 2022,WEBBERETAL2022:610,,,,,,971238,ALG
Nitzschia volvendirostrata,"Ashworth, Dabek & Witkowski",,diatom,Chromista,Ochrophyta,,,Bacillariophyceae,Bacillariophycidae,,Bacillariales,,,Bacillariaceae,,,Nitzschia,volvendirostrata,,,,,unlisted,unlisted,new 2020,unobserved,2020-11-15,"Mark Webber, Siobhan Schenck & Arjan van Asselt",Webber et al. 2022,WEBBERETAL2022:613,,,,,,1465263,ALG
Octactis speculum,"(Ehrenberg) F.H.Chang, J.M.Grieve & J.E.Sutherland",,golden alga,Chromista,Ochrophyta,,,Dictyochophyceae,,,Dictyochales,,,Dictyochaceae,,,Octactis,speculum,,,,,unlisted,unlisted,new 2005,observed,,,,,,2005-07-19,Mark Webber,iNat:48042848,,1073308,ALG
Odontella aurita,(Lyngbye) C.Agardh,,diatom,Chromista,Ochrophyta,,,Bacillariophyceae,Coscinodiscophycidae,,Triceratiales,,,Triceratiaceae,,,Odontella,aurita,,,,,unlisted,unlisted,new 2005,observed,,,,,,2005-07-14,Mark Webber,iNat:50022943,,359948,ALG
Odonthalia floccosa,(Esper) Falkenberg,,sea brush,Plantae,Rhodophyta,Eurhodophytina,,Florideophyceae,Rhodymeniophycidae,,Ceramiales,,,Rhodomelaceae,,,Odonthalia,floccosa,,,,,unlisted,unlisted,new 2019,observed,2008-02-17,Andy Lamb,PMLS,PMLS2021:1393,,2019-05-04,Bridgette Clarkston,iNat:25859912,,322180,ALG
Opuntiella californica,(Farlow) Kylin,,prickly pear seaweed,Plantae,Rhodophyta,Eurhodophytina,,Florideophyceae,Rhodymeniophycidae,,Gigartinales,,,Areschougiaceae,,,Opuntiella,californica,,,,,unlisted,unlisted,confirmed,unobserved,1994-09-10,Andy Lamb,PMLS,PMLS2021:1061,,,,,species distribution includes Galiano; authority added,349218,ALG
Osmundea spectabilis,(Postels & Ruprecht) K.W. Nam,,sea laurel,Plantae,Rhodophyta,Eurhodophytina,,Florideophyceae,Rhodymeniophycidae,,Ceramiales,,,Rhodomelaceae,,,Osmundea,spectabilis,,,,,unlisted,unlisted,new 2016,observed,2006-03-05,Andy Lamb,PMLS,PMLS2021:1131,,2016-08-07,Tyrel Froese,iNat:3925818,,339015,ALG
Paralia sulcata,(Ehrenberg) Cleve,,diatom,Chromista,Ochrophyta,,,Bacillariophyceae,Coscinodiscophycidae,,Paraliales,,,Paraliaceae,,,Paralia,sulcata,,,,,unlisted,unlisted,new 2006,observed,,,,,,2006-01-15,Mark Webber,iNat:4873115,,203738,ALG
Parlibellus delognei f. ellipticus,E.J.Cox,,diatom,Chromista,Ochrophyta,,,Bacillariophyceae,Bacillariophycidae,,Naviculales,Neidiineae,,Berkeleyaceae,,,Parlibellus,delognei,,,,,unlisted,unlisted,new 2020,unobserved,2020-11-15,"Mark Webber, Siobhan Schenck & Arjan van Asselt",Webber et al. 2022,WEBBERETAL2022:618,,,,,,1465270,ALG
Parlibellus protracta,"(Grunow) Witkowski, Lange-Bertalot & Metzeltin",,diatom,Chromista,Ochrophyta,,,Bacillariophyceae,Bacillariophycidae,,Naviculales,Neidiineae,,Berkeleyaceae,,,Parlibellus,protracta,,,,,unlisted,unlisted,new 2020,unobserved,2020-11-15,"Mark Webber, Siobhan Schenck & Arjan van Asselt",Webber et al. 2022,WEBBERETAL2022:620,,,,,,1465271,ALG
Pauliella taeniata,(Grunow) Round & Basson ,,diatom,Chromista,Ochrophyta,,,Bacillariophyceae,Bacillariophycidae,,Cymbellales,,,Anomoeoneidaceae,,,Pauliella,taeniata,,,,,unlisted,unlisted,new 2020,unobserved,2020-11-15,"Mark Webber, Siobhan Schenck & Arjan van Asselt",Webber et al. 2022,WEBBERETAL2022:700,,,,,,1005053,ALG
Petalonia fascia,(O.F.Müller) Kuntze,,false kelp,Chromista,Ochrophyta,,,Phaeophyceae,,,Scytosiphonales,,,Scytosiphonaceae,,,Petalonia,fascia,,,,,unlisted,unlisted,new 2019,observed,,,,,,2019-05-05,Bridgette Clarkston,iNat:25861435,,117816,ALG
Phaeodactylum sp.,,,diatom,Chromista,Bacillariophyta,,,incertae sedis,,,incertae sedis,,,Phaeodactylaceae,,,Phaeodactylum,,,,,,unlisted,unlisted,new 2020,unobserved,2020-11-15,"Mark Webber, Siobhan Schenck & Arjan van Asselt",Webber et al. 2022,WEBBERETAL2022:622,,,,,,485226,ALG
Phalacroma rotundatum,(Claparéde & Lachmann) Kofoid & J.R.Michener,,dinoflagellate,Chromista,Miozoa,Myzozoa,Dinoflagellata,Dinophyceae,,,Dinophysiales,,,Dinophysiaceae,,,Phalacroma,rotundatum,,,,,unlisted,unlisted,new 2006,observed,,,,,,2006-01-18,Mark Webber,iNat:5197633,,320131,ALG
Phormacantha sp.,,,radiozoan,Chromista,Radiozoa,,,Polycystina,,,Nassellaria,,,Plagiacanthidae,,,Phormacantha,,,,,,unlisted,unlisted,new 2006,observed,,,,,,2006-01-21,Mark Webber,iNat:4873083,,521671,ALG
Phycodrys isabellae,R.E.Norris & M.J.Wynne,,red alga,Plantae,Rhodophyta,Eurhodophytina,,Florideophyceae,Rhodymeniophycidae,,Ceramiales,,,Delesseriaceae,,,Phycodrys,isabellae,,,,,unlisted,unlisted,reported,unobserved,2011-05-03,G.W. Saunders & K. Hind,BOLD,GWS027395,,,,,"COI Sequenced; found D sequence in genbank, for some reason isn't on BOLD site. Is listed on Genbank as part of kelp conveyor hypothesis paper. Several more of this species barcoded, assuming is correct ID",1292329,ALG
Pinnularia sp.,,,diatom,Chromista,Ochrophyta,,,Bacillariophyceae,Bacillariophycidae,,Naviculales,Sellaphorineae,,Pinnulariaceae,,,Pinnularia,,,,,,unlisted,unlisted,new 2020,unobserved,2020-11-15,"Mark Webber, Siobhan Schenck & Arjan van Asselt",Webber et al. 2022,WEBBERETAL2022:624,,,,,,244797,ALG
Plagiogramma sp.,,,diatom,Chromista,Ochrophyta,,,Bacillariophyceae,Urneidophycidae,,Plagiogrammales,,,Plagiogrammaceae,,,Plagiogramma,,,,,,unlisted,unlisted,new 2020,unobserved,2020-11-15,"Mark Webber, Siobhan Schenck & Arjan van Asselt",Webber et al. 2022,WEBBERETAL2022:701,,,,,,251136,ALG
Plagiotropis lepidoptera,(W.Gregory) Kuntze,,diatom,Chromista,Ochrophyta,,,Bacillariophyceae,Bacillariophycidae,,Naviculales,Naviculineae,,Plagiotropidaceae,,,Plagiotropis,lepidoptera,,,,,unlisted,unlisted,new 2008,observed,,,,,,2008-11-19,Mark Webber,iNat:50272686,,485228,ALG
Planktoniella sol,(G.C. Wallich) Schütt,,diatom,Chromista,Ochrophyta,,,Bacillariophyceae,Thalassiosirophycidae,,Thalassiosirales,,,Thalassiosiraceae,,,Planktoniella,sol,,,,,unlisted,unlisted,new 2006,observed,,,,,,2006-07-21,Mark Webber,iNat:4873113,,521675,ALG
Planothidium lanceolatum,(Brébisson ex Kützing) Lange-Bertalot,,diatom,Chromista,Ochrophyta,,,Bacillariophyceae,,,Achnanthales,,,Achnanthidiaceae,,,Planothidium,lanceolatum,,,,,unlisted,unlisted,new 2020,unobserved,2020-11-15,"Mark Webber, Siobhan Schenck & Arjan van Asselt",Webber et al. 2022,WEBBERETAL2022:704,,,,,,345151,ALG
Pleonosporium vancouverianum,(J. Agardh) Setchell,,red alga,Plantae,Rhodophyta,Eurhodophytina,,Florideophyceae,Rhodymeniophycidae,,Ceramiales,,,Ceramiaceae,,,Pleonosporium,vancouverianum,,,,,unlisted,unlisted,reported,unobserved,1977-11-27,Michael W. Hawkes,UBC,A57491,,,,,"no update, UBC accession has no photo to check, but species distribution includes Galiano",500288,ALG
Pleurophycus gardneri,Setchell & Saunders ex Tilden,,broad-rib kelp,Chromista,Ochrophyta,,,Phaeophyceae,Fucophycidae,,Laminariales,,,Alariaceae,,,Pleurophycus,gardneri,,,,,unlisted,unlisted,confirmed,unobserved,2006-09-29,Andy Lamb,PMLS,PMLS2021:325,,,,,species distribution includes Salish Sea; authority added,429872,ALG
Pleurosigma normanii,Ralfs,,diatom,Chromista,Ochrophyta,,,Bacillariophyceae,Bacillariophycidae,,Naviculales,Naviculineae,,Pleurosigmataceae,,,Pleurosigma,normanii,,,,,unlisted,unlisted,new 2007,observed,,,,,,2007-07-13,Mark Webber,iNat:4873106,,4873106,ALG
Plocamium cartilagineum ssp. pacificum,(Kylin) P.C.Silva,,sea comb,Plantae,Rhodophyta,Eurhodophytina,,Florideophyceae,Rhodymeniophycidae,,Plocamiales,,,Plocamiaceae,,,Plocamium,cartilagineum,,pacificum,,,unlisted,unlisted,new 2019,observed,,,,,,2019-05-04,Bridgette Clarkston,iNat:25861013,,339051,ALG
Podosira baldjickiana,Grunow,,diatom,Chromista,Ochrophyta,,,Bacillariophyceae,Coscinodiscophycidae,,Melosirales,,,Hyalodiscaceae,,,Podosira,baldjickiana,,,,,unlisted,unlisted,new 2020,unobserved,2020-11-15,"Mark Webber, Siobhan Schenck & Arjan van Asselt",Webber et al. 2022,WEBBERETAL2022:716,,,,,,1465267,ALG
Polyneura latissima,(Harvey) Kylin,,crisscross network,Plantae,Rhodophyta,Eurhodophytina,,Florideophyceae,Rhodymeniophycidae,,Ceramiales,,,Delesseriaceae,,,Polyneura,latissima,,,,,unlisted,unlisted,confirmed,observed,1977-11-27,Michael W. Hawkes,UBC,A57495,,2022-02-25,Andrew Simon,iNat:107457361,syn. Nitophyllum nottii; species distribution includes Salish Sea,339014,ALG
Polysiphonia cf. villum,J.Agardh,,filamentous red alga,Plantae,Rhodophyta,Eurhodophytina,,Florideophyceae,Rhodymeniophycidae,,Ceramiales,,,Rhodomelaceae,,Polysiphonieae,Polysiphonia,villum,,,,,unlisted,unlisted,new 2023,unobserved,2023-05-26,Zach Montieth,Lindstrom 2023,17868,,,,,,1480501,ALG
Polysiphonia pacifica,Hollenberg,,pretty polly,Plantae,Rhodophyta,Eurhodophytina,,Florideophyceae,Rhodymeniophycidae,,Ceramiales,,,Rhodomelaceae,,Polysiphonieae,Polysiphonia,pacifica,,,,,unlisted,unlisted,new 2023,unobserved,2023-05-27,Zach Montieth,Lindstrom 2023,,,,,,,345132,ALG
Polysiphonia paniculata,Montagne,,filamentous red alga,Plantae,Rhodophyta,Eurhodophytina,,Florideophyceae,Rhodymeniophycidae,,Ceramiales,,,Rhodomelaceae,,Polysiphonieae,Polysiphonia,paniculata,,,,,unlisted,unlisted,new 2023,observed,,,,,,2023-05-15,Andrew Simon,iNat:151258127,,345131,ALG
Porphyrella gardneri,G.M.Smith & Hollenberg,,red laver,Plantae,Rhodophyta,Eurhodophytina,,Bangiophyceae,,,Bangiales,,,Bangiaceae,,,Porphyrella,gardneri,,,,,unlisted,unlisted,confirmed,unobserved,2006-09-28,Andy Lamb,PMLS,PMLS2021:1174,,,,,reported as Pyropia gardneri,1338182,ALG
Prasiola meridionalis,Setchell & N.L. Gardner,,short sea lettuce,Plantae,Chlorophyta,,,Trebouxiophyceae,,,Prasiolales,,,Prasiolaceae,,,Prasiola,meridionalis,,,,,unlisted,unlisted,confirmed,unobserved,1981-11-15,David J. Garbary,UBC,A64665,,,,,"D. Garbary and L. Golden report Prasiola furfuracea (UBC A64646), an Atlantic species; this voucher likely refers to either Prasiola borealis or Prasiola meridionalis",429864,ALG
Prionitis lanceolata,(Harvey) Harvey,,red alga,Plantae,Rhodophyta,Eurhodophytina,,Florideophyceae,Rhodymeniophycidae,,Halymeniales,,,Halymeniaceae,,,Prionitis,lanceolata,,,,,unlisted,unlisted,new 2016,observed,,,,,,2016-09-01,Andrew Simon,iNat:4017216,,117820,ALG
Prionitis sternbergii,(C.Agardh) J.Agardh,,red alga,Plantae,Rhodophyta,Eurhodophytina,,Florideophyceae,Rhodymeniophycidae,,Halymeniales,,,Halymeniaceae,,,Prionitis,sternbergii,,,,,unlisted,unlisted,new 2019,observed,,,,,,2019-05-04,Bridgette Clarkston,iNat:25861017,,347988,ALG
Proschkinia complanatula,(Hustedt ex Simonsen) D.G.Mann,,diatom,Chromista,Ochrophyta,,,Bacillariophyceae,Bacillariophycidae,,Naviculales,Naviculineae,,Proschkiniaceae,,,Proschkinia,complanatula,,,,,unlisted,unlisted,new 2020,unobserved,2020-11-15,"Mark Webber, Siobhan Schenck & Arjan van Asselt",Webber et al. 2022,WEBBERETAL2022:639,,,,,,1465274,ALG
Protocystis sp.,,,protist,Chromista,Bigyra,,,Labyrinthulea,,,Phaeodaria,,,Challengeridae,,,Protocystis,,,,,,unlisted,unlisted,new 2016,observed,,,,,,2016-01-18,Mark Webber,iNat:4849188,,521012,ALG
Psammodictyon sp.,,,diatom,Chromista,Ochrophyta,,,Bacillariophyceae,Bacillariophycidae,,Bacillariales,,,Bacillariaceae,,,Psammodictyon,,,,,,unlisted,unlisted,new 2020,unobserved,2020-11-15,"Mark Webber, Siobhan Schenck & Arjan van Asselt",Webber et al. 2022,WEBBERETAL2022:642,,,,,,544196,ALG
Pseudo-nitzschia cf. fraudulenta,(Cleve) Hasle,,diatom,Chromista,Ochrophyta,,,Bacillariophyceae,Bacillariophycidae,,Bacillariales,,,Bacillariaceae,,,Pseudo-nitzschia,,,,,,unlisted,unlisted,new 2006,observed,,,,,,2006-01-20,Mark Webber,iNat:4873093,,326230,ALG
Pseudogomphonema kamtschaticum,(Grunow) Medlin,,diatom,Chromista,Ochrophyta,,,Bacillariophyceae,Bacillariophycidae,,Naviculales,Naviculineae,,Naviculaceae,,,Pseudogomphonema,kamtschaticum,,,,,unlisted,unlisted,new 2020,unobserved,2020-11-15,"Mark Webber, Siobhan Schenck & Arjan van Asselt",Webber et al. 2022,WEBBERETAL2022:643,,,,,,1465276,ALG
Pseudolithophyllum sp.,,,encrusting coralline algae,Plantae,Rhodophyta,Eurhodophytina,,Florideophyceae,Corallinophycidae,,Corallinales,,,Corallinaceae,,,Pseudolithophyllum,,,,,,unlisted,unlisted,new 2021,observed,,,,,,2021-02-19,Dave Zeuss Cochrane,iNat:69845928,,345846,ALG
Pseudostaurosira andersonii,"Chunlian Li, Dabek & Wachnicka",,diatom,Chromista,Ochrophyta,,,Bacillariophyceae,Fragilariophycidae,,Fragilariales,,,Fragilariaceae,,,Pseudostaurosira,andersonii,,,,,unlisted,unlisted,new 2020,unobserved,2020-11-15,"Mark Webber, Siobhan Schenck & Arjan van Asselt",Webber et al. 2022,WEBBERETAL2022:662,,,,,,944656,ALG
Pterothamnion pectinatum,(Kylin) Athanasiadis & Kraft,,red alga,Plantae,Rhodophyta,Eurhodophytina,,Florideophyceae,Rhodymeniophycidae,,Ceramiales,,,Ceramiaceae,,,Pterothamnion,pectinatum,,,,,unlisted,unlisted,new 2019,observed,,,,,,2019-05-25,Bridgette Clarkston,iNat:25861436,,345150,ALG
Pterothamnion sp.,,,red alga,Plantae,Rhodophyta,Eurhodophytina,,Florideophyceae,Rhodymeniophycidae,,Ceramiales,,,Ceramiaceae ,,,Pterothamnion,,,,,,unlisted,unlisted,reported,unobserved,1985-02-09,Byron E. Lippert,OSC,OSC-A-011794,,,,,"reported as Platythamnion sp.; “All species formerly called Platythamnion are now recognized as species of Pterothamnion.” (Sandra Lindstrom, pers. comm. 2023)",607740,ALG
Pterothamnion villosum,(Kylin) Athanasiadis & Kraft,,red alga,Plantae,Rhodophyta,Eurhodophytina,,Florideophyceae,Rhodymeniophycidae,,Ceramiales,,,Ceramiaceae,,,Pterothamnion,villosum,,,,,unlisted,unlisted,reported,unobserved,2011-05-04,"G.W. Saunders, K. Hind & B. Clarkston",BOLD,GWS027455,,,,,barcoded,345149,ALG
Pterygophora californica,Ruprecht,,old growth kelp,Chromista,Ochrophyta,,,Phaeophyceae,Fucophycidae,,Laminariales,,,Alariaceae,,,Pterygophora,californica,,,,,unlisted,unlisted,confirmed,observed,1994-02-26,Charlie Gibbs,PMLS,PMLS2021:191,,2023-06-17,Dave Zeuss Cochrane,iNat:168028296,species distribution includes Salish Sea; authority added,124146,ALG
Pugetia fragilissima,Kylin,,red alga,Plantae,Rhodophyta,Eurhodophytina,,Florideophyceae,Rhodymeniophycidae,,Gigartinales,,,Kallymeniaceae,,,Pugetia,fragilissima,,,,,unlisted,unlisted,reported,unobserved,2011-05-04,"G.W. Saunders, K. Hind & B. Clarkston",BOLD,GWS027444,,,,,barcoded,1292330,ALG
Pylaiella sp.,,,brown tuft,Chromista,Ochrophyta,,,Phaeophyceae,Fucophycidae,,Ectocarpales,,,Acinetosporaceae,,,Pylaiella,,,,,,unlisted,unlisted,new 2020,unobserved,2020-11-15,"Mark Webber, Siobhan Schenck & Arjan van Asselt",Webber et al. 2022,WEBBERETAL2022:653,,,,,,202294,ALG
Pylolena armata,Haeckel,,radiozoan,Chromista,Radiozoa,,,Polycystina,,,Spumellaria,,,Pyloniidae,,,Pylolena,armata,,,,,unlisted,unlisted,new 2006,observed,,,,,,2006-01-20,Mark Webber,iNat:4873084,,521673,ALG
Pyropia nereocystis,(C.L.Anderson) S.C.Lindstrom,,red laver,Plantae,Rhodophyta,Eurhodophytina,,Bangiophyceae,,,Bangiales,,,Bangiaceae,,,Pyropia,nereocystis,,,,,unlisted,unlisted,confirmed,unobserved,1977-11-27,Michael W. Hawkes,UBC,A57505,,,,,reported as Porphyra nereocystis,542165,ALG
Rhabdonema arcuatum,(Lyngbye) Kützing,,diatom,Chromista,Ochrophyta,,,Bacillariophyceae,Fragilariophycidae,,Rhabdonematales,,,Rhabdonemataceae,,,Rhabdonema,arcuatum,,,,,unlisted,unlisted,new 2006,observed,,,,,,2006-11-26,Mark Webber,iNat:4856581,,553701,ALG
Rhizosolenia setigera f. pungens,(A.Cleve) Brunel,,diatom,Chromista,Ochrophyta,,,Bacillariophyceae,Coscinodiscophycidae,,Rhizosoleniales,,,Rhizosoleniaceae,,,Rhizosolenia,setigera,,,,,unlisted,unlisted,new 2009,observed,,,,,,2009-08-12,Mark Webber,iNat:4873038,,1271514,ALG
Rhodoptilum plumosum,(Harvey & Bailey) Kylin,,plumose red braid,Plantae,Rhodophyta,Eurhodophytina,,Florideophyceae,Rhodymeniophycidae,,Ceramiales,,,Dasyaceae,,,Rhodoptilum,plumosum,,,,,unlisted,unlisted,new 2017,observed,1977-11-27,Michael W. Hawkes,UBC,A57500,,2017-04-08,Tyrel Froese,iNat:5620532,,446890,ALG
Rhodymenia californica,Kylin,,California rose seaweed,Plantae,Rhodophyta,Eurhodophytina,,Florideophyceae,Rhodymeniophycidae,,Rhodymeniales,,,Rhodymeniaceae,,,Rhodymenia,californica,,,,,unlisted,unlisted,confirmed,unobserved,2007-08-20,Andy Lamb,PMLS,PMLS2021:1278,,,,,"no update, No UBC accession or iNat record to check, but species distribution includes Salish Sea; authority added",133214,ALG
Rhodymenia pacifica,Kylin,,Pacific rose seaweed,Plantae,Rhodophyta,Eurhodophytina,,Florideophyceae,Rhodymeniophycidae,,Rhodymeniales,,,Rhodymeniaceae,,,Rhodymenia,pacifica,,,,,unlisted,unlisted,confirmed,unobserved,2007-10-21,Andy Lamb,PMLS,PMLS2021:1324,,,,,"no update, No UBC accession or iNat record to check, but species distribution includes Salish Sea; authority added",359801,ALG
Rosenvingiella polyrhiza,(Rosenvinge) P.C. Silva,,green alga,Plantae,Chlorophyta,,,Trebouxiophyceae,,,Prasiolales,,,Prasiolaceae,,,Rosenvingiella,polyrhiza,,,,,unlisted,unlisted,reported,unobserved,1981-11-15,David J. Garbary,UBC,A64664,,,,,"no update, No UBC accession photo or iNat record to check, but species distribution includes Salish Sea; authority added",410405,ALG
Rugulopteryx okamurae,"(E.Y.Dawson) I.K.Hwang, W.J.Lee & H.S.Kim",,Northwest Pacific brown alga,Chromista,Ochrophyta,,,Phaeophyceae,Dictyotophycidae,,Dictyotales,,,Dictyotaceae,,Dictyoteae,Rugulopteryx,okamurae,,,,,unlisted,unlisted,new 2023,observed,,,,,,2023-06-27,Dave Zeuss Cochrane,iNat:169897197,,956931,ALG
Saccharina latissima,"(L.) C.E. Lane, C. Mayes, Druehl & G.W. Saunders",,sugar wrack kelp,Chromista,Ochrophyta,,,Phaeophyceae,Fucophycidae,,Laminariales,,,Laminariaceae,,,Saccharina,latissima,,,,,unlisted,unlisted,new 2016,observed,1979-04-02,Byron E. Lippert,OSC,OSC-A-011061,,2016-07-11,Adam Huggins,iNat:3684442,,130231,ALG
Sarcodiotheca furcata,(Setchell & N.L.Gardner) Kylin,,furcated fleshy red seaweed,Plantae,Rhodophyta,Eurhodophytina,,Florideophyceae,Rhodymeniophycidae,,Gigartinales,,,Solieriaceae,,,Sarcodiotheca,furcata,,,,,unlisted,unlisted,new 2019,observed,2007-10-21,Andy Lamb,PMLS,PMLS2021:1329,,2019-05-04,Bridgette Clarkston,iNat:25861008,"no update, No UBC accession or iNat record to check, but species distribution includes Salish Sea; authority added",327100,ALG
Sarcodiotheca gaudichaudii,(Montagne) P.W. Gabrielson,,succulent seaweed,Plantae,Rhodophyta,Eurhodophytina,,Florideophyceae,Rhodymeniophycidae,,Gigartinales,,,Solieriaceae,,,Sarcodiotheca,gaudichaudii,,,,,unlisted,unlisted,new 2017,observed,1979-04-03,Byron E. Lippert,OSC,OSC-A-011250,,2017-05-29,Karolle Wall,iNat:7659463,,327099,ALG
Sargassum muticum,(Yendo) Fensholt,,wireweed,Chromista,Ochrophyta,,,Phaeophyceae,,,Fucales,,,Sargassaceae,,,Sargassum,muticum,,,,,unlisted,unlisted,new 2015,observed,1977-11-27,Michael W. Hawkes,UBC,A57506,,2015-08-28,Lauren Magner,iNat:3735153,,130177,ALG
Scagelia occidentalis,(Kylin) E.M. Wollaston,,red alga,Plantae,Rhodophyta,Eurhodophytina,,Florideophyceae,Rhodymeniophycidae,,Ceramiales,,,Ceramiaceae,,,Scagelia,occidentalis,,,,,unlisted,unlisted,reported,unobserved,1977-11-27,Michael W. Hawkes,UBC,A57487,,,,,reported as Scagelia corallina var. occidentale,957344,ALG
Schizymenia pacifica,(Kylin) Kylin,,slimy leaf,Plantae,Rhodophyta,Eurhodophytina,,Florideophyceae,Rhodymeniophycidae,,Gigartinales,,,Schizymeniaceae,,,Schizymenia,pacifica,,,,,unlisted,unlisted,confirmed,observed,2006-06-30,Andy Lamb,PMLS,PMLS2021:1148,,2023-05-28,risao,iNat:164369469,in BioBlitz; Barcoded http://bins.boldsystems.org/index.php/Public_RecordView?processid=ABMMC15146-11,339050,ALG
Scytosiphon lomentaria,(Lyngbye) Link,,beanweed,Chromista,Ochrophyta,,,Phaeophyceae,Fucophycidae,,Ectocarpales,,,Scytosiphonaceae,,,Scytosiphon,lomentaria,,,,,unlisted,unlisted,new 2017,observed,,,,,,2017-04-08,Tyrel Froese,iNat:5620546,,182932,ALG
Seminavis robusta,D.B.Danielidis & D.G.Mann,,diatom,Chromista,Ochrophyta,,,Bacillariophyceae,Bacillariophycidae,,Naviculales,Naviculineae,,Naviculaceae,,,Seminavis,robusta,,,,,unlisted,unlisted,new 2020,unobserved,2020-11-15,"Mark Webber, Siobhan Schenck & Arjan van Asselt",Webber et al. 2022,WEBBERETAL2022:656,,,,,,1464071,ALG
Shionodiscus oestrupii,"(Ostenfeld) A.J.Alverson, S.H.Kang & E.C.Theriot",,diatom,Chromista,Ochrophyta,,,Bacillariophyceae,Thalassiosirophycidae,,Thalassiosirales,,,Thalassiosiraceae,,,Shionodiscus,oestrupii,,,,,unlisted,unlisted,new 2022,observed,,,,,,2022-07-15,Mark Webber,iNat:142951511,,1429508,ALG
Shionodiscus trifultus,"(G.Fryxell) A.J.Alverson, S.H.Kang & E.C.Theriot",,diatom,Chromista,Ochrophyta,,,Bacillariophyceae,Thalassiosirophycidae,,Thalassiosirales,,,Thalassiosiraceae,,,Shionodiscus,trifultus,,,,,unlisted,unlisted,new 2022,observed,,,,,,2022-04-15,Mark Webber,iNat:143402069,,1430448,ALG
Skeletonema costatum,Skeletonema costatum (Greville) Cleve,,diatom,Chromista,Ochrophyta,,,Bacillariophyceae,Thalassiosirophycidae,,Thalassiosirales,,,Skeletonemataceae,,,Skeletonema,costatum,,,,,unlisted,unlisted,new 2020,unobserved,2020-11-15,"Mark Webber, Siobhan Schenck & Arjan van Asselt",Webber et al. 2022,WEBBERETAL2022:664,,,,,,203742,ALG
Skeletonema japonicum,Zingone & Sarno,,diatom,Chromista,Ochrophyta,,,Bacillariophyceae,Thalassiosirophycidae,,Thalassiosirales,,,Skeletonemataceae,,,Skeletonema,japonicum,,,,,unlisted,unlisted,new 2005,observed,,,,,,2005-07-19,Mark Webber,iNat:50050643,,521234,ALG
Smithora naiadum,(C.L.Anderson) Hollenberg,,seagrass laver,Plantae,Rhodophyta,,,Compsopogonophyceae,,,Erythropeltidales,,,Erythrotrichiaceae,,,Smithora,naiadum,,,,,unlisted,unlisted,confirmed,observed,2007-12-15,Andy Lamb,PMLS,PMLS2021:1355,,2021-11-07,Dave Zeuss Cochrane,iNat:100612316,"no update, No UBC accession or iNat record to check, but species distribution includes Salish Sea; authority added",339024,ALG
Sparlingia pertusa,(Postels & Ruprecht) Kuntze,,red eyelet silk,Plantae,Rhodophyta,Eurhodophytina,,Florideophyceae,Rhodymeniophycidae,,Rhodymeniales,,,Rhodymeniaceae,,,Sparlingia,pertusa,,,,,unlisted,unlisted,new 2017,observed,1993-05-09,Charlie Gibbs,PMLS,PMLS2021:1053,,2017-04-08,Tyrel Froese,iNat:5620553,,429855,ALG
Stauroforma rinceana,"Méléder, A.Witkowski & C.L.Li",,diatom,Chromista,Ochrophyta,,,Bacillariophyceae,Fragilariophycidae,,Fragilariales,,,Staurosiraceae,,,Stauroforma, rinceana,,,,,unlisted,unlisted,new 2020,unobserved,2020-11-15,"Mark Webber, Siobhan Schenck & Arjan van Asselt",Webber et al. 2022,WEBBERETAL2022:722,,,,,,1465266,ALG
Stenogramma californicum,Harvey,,midrib seaweed,Plantae,Rhodophyta,Eurhodophytina,,Florideophyceae,Rhodymeniophycidae,,Gigartinales,,,Phyllophoraceae,,,Stenogramma,californicum,,,,,unlisted,unlisted,confirmed,unobserved,2007-10-21,Andy Lamb,PMLS,PMLS2021:1328,,,,,reported as Stenogramma interruptum,497325,ALG
Stephanopyxis nipponica,Gran & Yendo,,diatom,Chromista,Ochrophyta,,,Bacillariophyceae,Coscinodiscophycidae,,Melosirales,,,Stephanopyxidaceae,,,Stephanopyxis,nipponica,,,,,unlisted,unlisted,new 2020,observed,,,,,,2020-03-28,Mark Webber,iNat:45809431,,488075,ALG
Sternimirus shandongensis,Witkowski & Chunlian Li,,diatom,Chromista,Ochrophyta,,,Bacillariophyceae,Bacillariophycidae,,Naviculales,Naviculineae,,Naviculaceae,,,Sternimirus,shandongensis,,,,,unlisted,unlisted,new 2020,unobserved,2020-11-15,"Mark Webber, Siobhan Schenck & Arjan van Asselt",Webber et al. 2022,WEBBERETAL2022:666,,,,,,1465278,ALG
Symphyocladiella gracilis,"(Kylin) D.Bustamante, B.Y.Won, S.C.Lindstrom & T.O.Cho",,red alga,Plantae,Rhodophyta,Eurhodophytina,,Florideophyceae,Rhodymeniophycidae,,Ceramiales,,,Rhodomelaceae,,,Symphyocladiella,gracilis,,,,,unlisted,unlisted,reported,unobserved,2011-05-03,G.W. Saunders & K. Hind,BOLD,GWS027410,,,,,"""Symphyocladiella gracilis"" Barcoded; name updated from Pterosiphonia gracilis; for some reason GBIF doesn't have BOLD info here, but this specimen is on BOLD site (but think this isn't supposed to be accessible, doesn't come up when doing public search for this species). Assuming taxonomy uncertain, putting name in quotes.",1339929,ALG
Tabularia tabulata,(C.Agardh) Snoeijs,,diatom,Chromista,Ochrophyta,,,Bacillariophyceae,Fragilariophycidae,,Licmophorales,,,Ulnariaceae,,,Tabularia,tabulata,,,,,unlisted,unlisted,new 2020,unobserved,2020-11-15,"Mark Webber, Siobhan Schenck & Arjan van Asselt",Webber et al. 2022,WEBBERETAL2022:670,,,,,,996151,ALG
Thalassionema nitzschioides,(Grunow) Mereschkowsky,,diatom,Chromista,Ochrophyta,,,Bacillariophyceae,Thalassiosirophycidae,,Thalassionematales,,,Thalassionemataceae,,,Thalassionema,nitzschioides,,,,,unlisted,unlisted,new 2006,observed,,,,,,2006-01-15,Mark Webber,iNat:50170636,,359995,ALG
Thalassiosira angulata,(W.Gregory) Hasle,,diatom,Chromista,Ochrophyta,,,Bacillariophyceae,Thalassiosirophycidae,,Thalassiosirales,,,Thalassiosiraceae,,,Thalassiosira,angulata,,,,,unlisted,unlisted,new 2020,unobserved,2020-11-15,"Mark Webber, Siobhan Schenck & Arjan van Asselt",Webber et al. 2022,WEBBERETAL2022:678,,,,,,996172,ALG
Thalassiosira angustelineata,(A.W.F.Schmidt) G.Fryxell & Hasle,,diatom,Chromista,Ochrophyta,,,Bacillariophyceae,Thalassiosirophycidae,,Thalassiosirales,,,Thalassiosiraceae,,,Thalassiosira,angustelineata,,,,,unlisted,unlisted,new 2010,observed,,,,,,2010-10-19,Mark Webber,iNat:9291115,,470489,ALG
Thalassiosira conferta,Hasle,,diatom,Chromista,Ochrophyta,,,Bacillariophyceae,Thalassiosirophycidae,,Thalassiosirales,,,Thalassiosiraceae,,,Thalassiosira,conferta,,,,,unlisted,unlisted,new 2022,observed,,,,,,2022-06-25,Mark Webber,iNat:143685844,,1430773,ALG
Thalassiosira curviseriata,Takano,,diatom,Chromista,Ochrophyta,,,Bacillariophyceae,Thalassiosirophycidae,,Thalassiosirales,,,Thalassiosiraceae,,,Thalassiosira,curviseriata,,,,,unlisted,unlisted,new 2020,observed,2020-11-15,"Mark Webber, Siobhan Schenck & Arjan van Asselt",Webber et al. 2022,WEBBERETAL2022:725,,2021-03-21,Mark Webber,iNat:142613095,,1424977,ALG
Thalassiosira eccentrica,(Ehrenberg) Cleve,,diatom,Chromista,Ochrophyta,,,Bacillariophyceae,Thalassiosirophycidae,,Thalassiosirales,,,Thalassiosiraceae,,,Thalassiosira,eccentrica,,,,,unlisted,unlisted,new 2020,observed,2020-11-15,"Mark Webber, Siobhan Schenck & Arjan van Asselt",Webber et al. 2022,WEBBERETAL2022:679,,2022-06-25,Andrew Simon,iNat:127062744,,359996,ALG
Thalassiosira gravida,Cleve,,diatom,Chromista,Ochrophyta,,,Bacillariophyceae,Thalassiosirophycidae,,Thalassiosirales,,,Thalassiosiraceae,,,Thalassiosira,gravida,,,,,unlisted,unlisted,new 2008,observed,,,,,,2008-10-05,Mark Webber,iNat:50061997,,970151,ALG
Thalassiosira lundiana,Fryxell,,diatom,Chromista,Ochrophyta,,,Bacillariophyceae,Thalassiosirophycidae,,Thalassiosirales,,,Thalassiosiraceae,,,Thalassiosira,lundiana,,,,,unlisted,unlisted,new 2022,observed,,,,,,2022-06-25,Mark Webber,iNat:143564316,,970152,ALG
Thalassiosira minima,Gaarder,,diatom,Chromista,Ochrophyta,,,Bacillariophyceae,Thalassiosirophycidae,,Thalassiosirales,,,Thalassiosiraceae,,,Thalassiosira,minima,,,,,unlisted,unlisted,new 2020,unobserved,2020-11-15,"Mark Webber, Siobhan Schenck & Arjan van Asselt",Webber et al. 2022,WEBBERETAL2022:680,,,,,,1018740,ALG
Thalassiosira nordenskioeldii,Cleve,,diatom,Chromista,Ochrophyta,,,Bacillariophyceae,Thalassiosirophycidae,,Thalassiosirales,,,Thalassiosiraceae,,,Thalassiosira,nordenskioeldii,,,,,unlisted,unlisted,new 2020,observed,2020-11-15,"Mark Webber, Siobhan Schenck & Arjan van Asselt",Webber et al. 2022,WEBBERETAL2022:681,,2022-04-06,Mark Webber,iNat:111064233,,359968,ALG
Thalassiosira oceanica,Hasle,,diatom,Chromista,Ochrophyta,,,Bacillariophyceae,Thalassiosirophycidae,,Thalassiosirales,,,Thalassiosiraceae,,,Thalassiosira,oceanica,,,,,unlisted,unlisted,new 2020,unobserved,2020-11-15,"Mark Webber, Siobhan Schenck & Arjan van Asselt",Webber et al. 2022,WEBBERETAL2022:684,,,,,,1424975,ALG
Thalassiosira pacifica,Gran & Angst,,diatom,Chromista,Ochrophyta,,,Bacillariophyceae,Thalassiosirophycidae,,Thalassiosirales,,,Thalassiosiraceae,,,Thalassiosira,pacifica,,,,,unlisted,unlisted,new 2020,observed,2020-11-15,"Mark Webber, Siobhan Schenck & Arjan van Asselt",Webber et al. 2022,WEBBERETAL2022:685,,2021-03-07,Mark Webber,iNat:143436365,,549893,ALG
Thalassiosira punctigera,(Castracane) Hasle,,diatom,Chromista,Ochrophyta,,,Bacillariophyceae,Thalassiosirophycidae,,Thalassiosirales,,,Thalassiosiraceae,,,Thalassiosira,punctigera,,,,,unlisted,unlisted,new 2010,observed,,,,,,2010-12-28,Mark Webber,iNat:50064842,,488947,ALG
Thalassiosira tenera,Proshkina-Lavrenko,,diatom,Chromista,Ochrophyta,,,Bacillariophyceae,Thalassiosirophycidae,,Thalassiosirales,,,Thalassiosiraceae,,,Thalassiosira,tenera,,,,,unlisted,unlisted,new 2020,unobserved,2020-11-15,"Mark Webber, Siobhan Schenck & Arjan van Asselt",Webber et al. 2022,WEBBERETAL2022:728,,,,,,1424973,ALG
Trigonium arcticum,(Brightwell) Cleve,,diatom,Chromista,Ochrophyta,,,Bacillariophyceae,Coscinodiscophycidae,,Stellarimales,,,Trigoniaceae,,,Trigonium,arcticum,,,,,unlisted,unlisted,new 2013,observed,,,,,,2013-01-08,Mark Webber,iNat:50128873,,841425,ALG
Tryblionella apiculata,W.Gregory,,diatom,Chromista,Ochrophyta,,,Bacillariophyceae,Bacillariophycidae,,Bacillariales,,,Bacillariaceae,,,Tryblionella,apiculata,,,,,unlisted,unlisted,new 2020,unobserved,2020-11-15,"Mark Webber, Siobhan Schenck & Arjan van Asselt",Webber et al. 2022,WEBBERETAL2022:686,,,,,,895314,ALG
Tryblionella gaoana,Tryblionella gaoana Witkowski & Chunlian Li,,diatom,Chromista,Ochrophyta,,,Bacillariophyceae,Bacillariophycidae,,Bacillariales,,,Bacillariaceae,,,Tryblionella,gaoana,,,,,unlisted,unlisted,new 2020,unobserved,2020-11-15,"Mark Webber, Siobhan Schenck & Arjan van Asselt",Webber et al. 2022,WEBBERETAL2022:688,,,,,,1465264,ALG
Ulva expansa,(Setchell) Setchell & N.L.Gardner,,large sea lettuce,Plantae,Chlorophyta,,,Ulvophyceae,,,Ulvales,,,Ulvaceae,,,Ulva,expansa,,,,,unlisted,unlisted,new 2023,unobserved,2023-05-26,Zach Montieth,Lindstrom 2023,17862,,,,,,338997,ALG
Ulva fenestrata,Postels & Ruprecht,,sea lettuce,Plantae,Chlorophyta,,,Ulvophyceae,,,Ulvales,,,Ulvaceae,,,Ulva,fenestrata,,,,,unlisted,unlisted,new 2015,observed,1977-11-27,Michael W. Hawkes,UBC,A57503,,2015-08-28,Lauren Magner,iNat:3735172,reported as Ulva lactuca L.,152972,ALG
Ulva intestinalis,L.,,gutweed,Plantae,Chlorophyta,,,Ulvophyceae,,,Ulvales,,,Ulvaceae,,,Ulva,intestinalis,,,,,unlisted,unlisted,new 2016,observed,1996-09-29,Charlie Gibbs,PMLS,PMLS2021:20,,2016-06-05,Andrew Simon,iNat:3404281,,130197,ALG
Ulva linza,L.,,green string lettuce,Plantae,Chlorophyta,,,Ulvophyceae,,,Ulvales,,,Ulvaceae,,,Ulva,linza,,,,,unlisted,unlisted,new 2023,unobserved,2023-05-26,Zach Montieth,Lindstrom 2023,17863,,,,,,201435,ALG
Ulvaria obscura var. blyttii,(Areschoug) Bliding,,dark sea lettuce,Plantae,Chlorophyta,,,Ulvophyceae,,,Ulvales,,,Ulvaceae,,,Ulvaria,obscura,,,blyttii,,unlisted,unlisted,new 2023,unobserved,2023-05-27,Zach Montieth,Lindstrom 2023,,,,,,,504877,ALG
Urospora sp.,,,green alga,Plantae,Chlorophyta,,,Ulvophyceae,,,Codiolales,,,Acrosiphoniaceae,,,Urospora,,,,,,unlisted,unlisted,new 2020,observed,,,,,,2020-04-24,Andrew Simon,iNat:43253077,,339056,ALG
Vaucheria sp.,,,water felt,Chromista,Ochrophyta,,,Xanthophyceae,,,Vaucheriales,,,Vaucheriaceae,,,Vaucheria,,,,,,unlisted,unlisted,new 2022,observed,,,,,,2022-04-01,Andrew Simon,iNat:110152164,,53662,ALG
Vertebrata woodii,(Harvey) Kuntze,,cartilage-wing seaweed,Plantae,Rhodophyta,Eurhodophytina,,Florideophyceae,Rhodymeniophycidae,,Ceramiales,,,Rhodomelaceae,,,Vertebrata,woodii,,,,,unlisted,unlisted,reported,unobserved,2011-05-04,"G.W. Saunders, K. Hind & B. Clarkston",BOLD,GWS027452,,,,,reported as Pterochondria woodii in PMLS records; barcoded,1339931,ALG
Wildemania cuneiformis,(Setchell & Hus) S.C.Lindstrom,,red cellophane,Plantae,Rhodophyta,Eurhodophytina,,Bangiophyceae,,,Bangiales,,,Bangiaceae,,,Wildemania,cuneiformis,,,,,unlisted,unlisted,new 2019,observed,,,,,,2019-05-04,Bridgette Clarkston,iNat:25859910,,866993,ALG
Yendoa hakodatensis,"(Yendo) C.C.Santos, Lyra & J.M.C.Nunes",,red alga,Plantae,Rhodophyta,Eurhodophytina,,Florideophyceae,Rhodymeniophycidae,,Rhodymeniales,,,Lomentariaceae,,,Yendoa,hakodatensis,,,,,unlisted,unlisted,new 2019,observed,,,,,,2019-05-24,Bridgette Clarkston,iNat:25861437,,345348,ALG