OBJECTID,SHAPE_Length,SHAPE_Area,layer,path,year
3,1015.380857,45045.11324,a00000047 — Survey_area_2020_1,/Users/margaretslein/Desktop/imerss/MICS_Eelgrass_2009_2022.gdb 3/a00000047.gdbtable|layername=Survey_area_2020_1,2020
4,982.6151721,58839.0278,a00000047 — Survey_area_2020_1,/Users/margaretslein/Desktop/imerss/MICS_Eelgrass_2009_2022.gdb 3/a00000047.gdbtable|layername=Survey_area_2020_1,2020
5,451.604749,12636.17299,a00000047 — Survey_area_2020_1,/Users/margaretslein/Desktop/imerss/MICS_Eelgrass_2009_2022.gdb 3/a00000047.gdbtable|layername=Survey_area_2020_1,2020
6,385.5461545,9207.427522,a00000047 — Survey_area_2020_1,/Users/margaretslein/Desktop/imerss/MICS_Eelgrass_2009_2022.gdb 3/a00000047.gdbtable|layername=Survey_area_2020_1,2020
8,1211.17644,38170.5418,a00000047 — Survey_area_2020_1,/Users/margaretslein/Desktop/imerss/MICS_Eelgrass_2009_2022.gdb 3/a00000047.gdbtable|layername=Survey_area_2020_1,2020
9,1272.772249,49515.19366,a00000047 — Survey_area_2020_1,/Users/margaretslein/Desktop/imerss/MICS_Eelgrass_2009_2022.gdb 3/a00000047.gdbtable|layername=Survey_area_2020_1,2020
11,1293.193985,59674.19928,a00000047 — Survey_area_2020_1,/Users/margaretslein/Desktop/imerss/MICS_Eelgrass_2009_2022.gdb 3/a00000047.gdbtable|layername=Survey_area_2020_1,2020
12,2511.695131,96701.44289,a00000047 — Survey_area_2020_1,/Users/margaretslein/Desktop/imerss/MICS_Eelgrass_2009_2022.gdb 3/a00000047.gdbtable|layername=Survey_area_2020_1,2020
13,1118.190519,38533.34284,a00000047 — Survey_area_2020_1,/Users/margaretslein/Desktop/imerss/MICS_Eelgrass_2009_2022.gdb 3/a00000047.gdbtable|layername=Survey_area_2020_1,2020
14,1459.42706,69564.87999,a00000047 — Survey_area_2020_1,/Users/margaretslein/Desktop/imerss/MICS_Eelgrass_2009_2022.gdb 3/a00000047.gdbtable|layername=Survey_area_2020_1,2020
15,286.452808,4774.612893,a00000047 — Survey_area_2020_1,/Users/margaretslein/Desktop/imerss/MICS_Eelgrass_2009_2022.gdb 3/a00000047.gdbtable|layername=Survey_area_2020_1,2020
17,1291.309873,39992.15554,a00000047 — Survey_area_2020_1,/Users/margaretslein/Desktop/imerss/MICS_Eelgrass_2009_2022.gdb 3/a00000047.gdbtable|layername=Survey_area_2020_1,2020
18,1555.770384,44573.87675,a00000047 — Survey_area_2020_1,/Users/margaretslein/Desktop/imerss/MICS_Eelgrass_2009_2022.gdb 3/a00000047.gdbtable|layername=Survey_area_2020_1,2020
19,1001.25405,33986.50805,a00000047 — Survey_area_2020_1,/Users/margaretslein/Desktop/imerss/MICS_Eelgrass_2009_2022.gdb 3/a00000047.gdbtable|layername=Survey_area_2020_1,2020
20,1434.436098,49293.89098,a00000047 — Survey_area_2020_1,/Users/margaretslein/Desktop/imerss/MICS_Eelgrass_2009_2022.gdb 3/a00000047.gdbtable|layername=Survey_area_2020_1,2020
21,818.471583,19449.47105,a00000047 — Survey_area_2020_1,/Users/margaretslein/Desktop/imerss/MICS_Eelgrass_2009_2022.gdb 3/a00000047.gdbtable|layername=Survey_area_2020_1,2020
22,3016.107139,134210.4367,a00000047 — Survey_area_2020_1,/Users/margaretslein/Desktop/imerss/MICS_Eelgrass_2009_2022.gdb 3/a00000047.gdbtable|layername=Survey_area_2020_1,2020
23,993.5839635,31944.01317,a00000047 — Survey_area_2020_1,/Users/margaretslein/Desktop/imerss/MICS_Eelgrass_2009_2022.gdb 3/a00000047.gdbtable|layername=Survey_area_2020_1,2020
3,1015.380857,45045.11324,a00000047 — Survey_area_2020_1,/Users/margaretslein/Desktop/imerss/MICS_Eelgrass_2009_2022.gdb 3/a00000047.gdbtable|layername=Survey_area_2020_1,2020
4,982.6151721,58839.0278,a00000047 — Survey_area_2020_1,/Users/margaretslein/Desktop/imerss/MICS_Eelgrass_2009_2022.gdb 3/a00000047.gdbtable|layername=Survey_area_2020_1,2020
5,451.604749,12636.17299,a00000047 — Survey_area_2020_1,/Users/margaretslein/Desktop/imerss/MICS_Eelgrass_2009_2022.gdb 3/a00000047.gdbtable|layername=Survey_area_2020_1,2020
6,385.5461545,9207.427522,a00000047 — Survey_area_2020_1,/Users/margaretslein/Desktop/imerss/MICS_Eelgrass_2009_2022.gdb 3/a00000047.gdbtable|layername=Survey_area_2020_1,2020
8,1211.17644,38170.5418,a00000047 — Survey_area_2020_1,/Users/margaretslein/Desktop/imerss/MICS_Eelgrass_2009_2022.gdb 3/a00000047.gdbtable|layername=Survey_area_2020_1,2020
9,1272.772249,49515.19366,a00000047 — Survey_area_2020_1,/Users/margaretslein/Desktop/imerss/MICS_Eelgrass_2009_2022.gdb 3/a00000047.gdbtable|layername=Survey_area_2020_1,2020
11,1293.193985,59674.19928,a00000047 — Survey_area_2020_1,/Users/margaretslein/Desktop/imerss/MICS_Eelgrass_2009_2022.gdb 3/a00000047.gdbtable|layername=Survey_area_2020_1,2020
12,2511.695131,96701.44289,a00000047 — Survey_area_2020_1,/Users/margaretslein/Desktop/imerss/MICS_Eelgrass_2009_2022.gdb 3/a00000047.gdbtable|layername=Survey_area_2020_1,2020
13,1118.190519,38533.34284,a00000047 — Survey_area_2020_1,/Users/margaretslein/Desktop/imerss/MICS_Eelgrass_2009_2022.gdb 3/a00000047.gdbtable|layername=Survey_area_2020_1,2020
14,1459.42706,69564.87999,a00000047 — Survey_area_2020_1,/Users/margaretslein/Desktop/imerss/MICS_Eelgrass_2009_2022.gdb 3/a00000047.gdbtable|layername=Survey_area_2020_1,2020
15,286.452808,4774.612893,a00000047 — Survey_area_2020_1,/Users/margaretslein/Desktop/imerss/MICS_Eelgrass_2009_2022.gdb 3/a00000047.gdbtable|layername=Survey_area_2020_1,2020
17,1291.309873,39992.15554,a00000047 — Survey_area_2020_1,/Users/margaretslein/Desktop/imerss/MICS_Eelgrass_2009_2022.gdb 3/a00000047.gdbtable|layername=Survey_area_2020_1,2020
18,1555.770384,44573.87675,a00000047 — Survey_area_2020_1,/Users/margaretslein/Desktop/imerss/MICS_Eelgrass_2009_2022.gdb 3/a00000047.gdbtable|layername=Survey_area_2020_1,2020
19,1001.25405,33986.50805,a00000047 — Survey_area_2020_1,/Users/margaretslein/Desktop/imerss/MICS_Eelgrass_2009_2022.gdb 3/a00000047.gdbtable|layername=Survey_area_2020_1,2020
20,1434.436098,49293.89098,a00000047 — Survey_area_2020_1,/Users/margaretslein/Desktop/imerss/MICS_Eelgrass_2009_2022.gdb 3/a00000047.gdbtable|layername=Survey_area_2020_1,2020
21,818.471583,19449.47105,a00000047 — Survey_area_2020_1,/Users/margaretslein/Desktop/imerss/MICS_Eelgrass_2009_2022.gdb 3/a00000047.gdbtable|layername=Survey_area_2020_1,2020
22,3016.107139,134210.4367,a00000047 — Survey_area_2020_1,/Users/margaretslein/Desktop/imerss/MICS_Eelgrass_2009_2022.gdb 3/a00000047.gdbtable|layername=Survey_area_2020_1,2020
23,993.5839635,31944.01317,a00000047 — Survey_area_2020_1,/Users/margaretslein/Desktop/imerss/MICS_Eelgrass_2009_2022.gdb 3/a00000047.gdbtable|layername=Survey_area_2020_1,2020
3,1015.380857,45045.11324,a00000047 — Survey_area_2020_1,/Users/margaretslein/Desktop/imerss/MICS_Eelgrass_2009_2022.gdb 3/a00000047.gdbtable|layername=Survey_area_2020_1,2020
4,982.6151721,58839.0278,a00000047 — Survey_area_2020_1,/Users/margaretslein/Desktop/imerss/MICS_Eelgrass_2009_2022.gdb 3/a00000047.gdbtable|layername=Survey_area_2020_1,2020
5,451.604749,12636.17299,a00000047 — Survey_area_2020_1,/Users/margaretslein/Desktop/imerss/MICS_Eelgrass_2009_2022.gdb 3/a00000047.gdbtable|layername=Survey_area_2020_1,2020
6,385.5461545,9207.427522,a00000047 — Survey_area_2020_1,/Users/margaretslein/Desktop/imerss/MICS_Eelgrass_2009_2022.gdb 3/a00000047.gdbtable|layername=Survey_area_2020_1,2020
8,1211.17644,38170.5418,a00000047 — Survey_area_2020_1,/Users/margaretslein/Desktop/imerss/MICS_Eelgrass_2009_2022.gdb 3/a00000047.gdbtable|layername=Survey_area_2020_1,2020
9,1272.772249,49515.19366,a00000047 — Survey_area_2020_1,/Users/margaretslein/Desktop/imerss/MICS_Eelgrass_2009_2022.gdb 3/a00000047.gdbtable|layername=Survey_area_2020_1,2020
11,1293.193985,59674.19928,a00000047 — Survey_area_2020_1,/Users/margaretslein/Desktop/imerss/MICS_Eelgrass_2009_2022.gdb 3/a00000047.gdbtable|layername=Survey_area_2020_1,2020
12,2511.695131,96701.44289,a00000047 — Survey_area_2020_1,/Users/margaretslein/Desktop/imerss/MICS_Eelgrass_2009_2022.gdb 3/a00000047.gdbtable|layername=Survey_area_2020_1,2020
13,1118.190519,38533.34284,a00000047 — Survey_area_2020_1,/Users/margaretslein/Desktop/imerss/MICS_Eelgrass_2009_2022.gdb 3/a00000047.gdbtable|layername=Survey_area_2020_1,2020
14,1459.42706,69564.87999,a00000047 — Survey_area_2020_1,/Users/margaretslein/Desktop/imerss/MICS_Eelgrass_2009_2022.gdb 3/a00000047.gdbtable|layername=Survey_area_2020_1,2020
15,286.452808,4774.612893,a00000047 — Survey_area_2020_1,/Users/margaretslein/Desktop/imerss/MICS_Eelgrass_2009_2022.gdb 3/a00000047.gdbtable|layername=Survey_area_2020_1,2020
17,1291.309873,39992.15554,a00000047 — Survey_area_2020_1,/Users/margaretslein/Desktop/imerss/MICS_Eelgrass_2009_2022.gdb 3/a00000047.gdbtable|layername=Survey_area_2020_1,2020
18,1555.770384,44573.87675,a00000047 — Survey_area_2020_1,/Users/margaretslein/Desktop/imerss/MICS_Eelgrass_2009_2022.gdb 3/a00000047.gdbtable|layername=Survey_area_2020_1,2020
19,1001.25405,33986.50805,a00000047 — Survey_area_2020_1,/Users/margaretslein/Desktop/imerss/MICS_Eelgrass_2009_2022.gdb 3/a00000047.gdbtable|layername=Survey_area_2020_1,2020
20,1434.436098,49293.89098,a00000047 — Survey_area_2020_1,/Users/margaretslein/Desktop/imerss/MICS_Eelgrass_2009_2022.gdb 3/a00000047.gdbtable|layername=Survey_area_2020_1,2020
21,818.471583,19449.47105,a00000047 — Survey_area_2020_1,/Users/margaretslein/Desktop/imerss/MICS_Eelgrass_2009_2022.gdb 3/a00000047.gdbtable|layername=Survey_area_2020_1,2020
22,3016.107139,134210.4367,a00000047 — Survey_area_2020_1,/Users/margaretslein/Desktop/imerss/MICS_Eelgrass_2009_2022.gdb 3/a00000047.gdbtable|layername=Survey_area_2020_1,2020
23,993.5839635,31944.01317,a00000047 — Survey_area_2020_1,/Users/margaretslein/Desktop/imerss/MICS_Eelgrass_2009_2022.gdb 3/a00000047.gdbtable|layername=Survey_area_2020_1,2020
1,1371.072191,68027.86335,a0000004a — Survey_Area_2019,/Users/margaretslein/Desktop/imerss/MICS_Eelgrass_2009_2022.gdb 3/a0000004a.gdbtable|layername=Survey_Area_2019,2019
2,1064.71812,71449.52349,a0000004a — Survey_Area_2019,/Users/margaretslein/Desktop/imerss/MICS_Eelgrass_2009_2022.gdb 3/a0000004a.gdbtable|layername=Survey_Area_2019,2019
3,699.0926847,24288.47174,a0000004a — Survey_Area_2019,/Users/margaretslein/Desktop/imerss/MICS_Eelgrass_2009_2022.gdb 3/a0000004a.gdbtable|layername=Survey_Area_2019,2019
4,1684.763459,92725.48131,a0000004a — Survey_Area_2019,/Users/margaretslein/Desktop/imerss/MICS_Eelgrass_2009_2022.gdb 3/a0000004a.gdbtable|layername=Survey_Area_2019,2019
5,1238.390579,75262.84968,a0000004a — Survey_Area_2019,/Users/margaretslein/Desktop/imerss/MICS_Eelgrass_2009_2022.gdb 3/a0000004a.gdbtable|layername=Survey_Area_2019,2019
6,1312.118468,71187.53363,a0000004a — Survey_Area_2019,/Users/margaretslein/Desktop/imerss/MICS_Eelgrass_2009_2022.gdb 3/a0000004a.gdbtable|layername=Survey_Area_2019,2019
7,1476.716706,74426.59647,a0000004a — Survey_Area_2019,/Users/margaretslein/Desktop/imerss/MICS_Eelgrass_2009_2022.gdb 3/a0000004a.gdbtable|layername=Survey_Area_2019,2019
8,1784.54137,141671.8324,a0000004a — Survey_Area_2019,/Users/margaretslein/Desktop/imerss/MICS_Eelgrass_2009_2022.gdb 3/a0000004a.gdbtable|layername=Survey_Area_2019,2019
9,521.6345152,16817.50772,a0000004a — Survey_Area_2019,/Users/margaretslein/Desktop/imerss/MICS_Eelgrass_2009_2022.gdb 3/a0000004a.gdbtable|layername=Survey_Area_2019,2019
10,2691.618691,138899.3691,a0000004a — Survey_Area_2019,/Users/margaretslein/Desktop/imerss/MICS_Eelgrass_2009_2022.gdb 3/a0000004a.gdbtable|layername=Survey_Area_2019,2019
11,3823.326594,172782.6191,a0000004a — Survey_Area_2019,/Users/margaretslein/Desktop/imerss/MICS_Eelgrass_2009_2022.gdb 3/a0000004a.gdbtable|layername=Survey_Area_2019,2019
1,1371.072191,68027.86335,a0000004a — Survey_Area_2019,/Users/margaretslein/Desktop/imerss/MICS_Eelgrass_2009_2022.gdb 3/a0000004a.gdbtable|layername=Survey_Area_2019,2019
2,1064.71812,71449.52349,a0000004a — Survey_Area_2019,/Users/margaretslein/Desktop/imerss/MICS_Eelgrass_2009_2022.gdb 3/a0000004a.gdbtable|layername=Survey_Area_2019,2019
3,699.0926847,24288.47174,a0000004a — Survey_Area_2019,/Users/margaretslein/Desktop/imerss/MICS_Eelgrass_2009_2022.gdb 3/a0000004a.gdbtable|layername=Survey_Area_2019,2019
4,1684.763459,92725.48131,a0000004a — Survey_Area_2019,/Users/margaretslein/Desktop/imerss/MICS_Eelgrass_2009_2022.gdb 3/a0000004a.gdbtable|layername=Survey_Area_2019,2019
5,1238.390579,75262.84968,a0000004a — Survey_Area_2019,/Users/margaretslein/Desktop/imerss/MICS_Eelgrass_2009_2022.gdb 3/a0000004a.gdbtable|layername=Survey_Area_2019,2019
6,1312.118468,71187.53363,a0000004a — Survey_Area_2019,/Users/margaretslein/Desktop/imerss/MICS_Eelgrass_2009_2022.gdb 3/a0000004a.gdbtable|layername=Survey_Area_2019,2019
7,1476.716706,74426.59647,a0000004a — Survey_Area_2019,/Users/margaretslein/Desktop/imerss/MICS_Eelgrass_2009_2022.gdb 3/a0000004a.gdbtable|layername=Survey_Area_2019,2019
8,1784.54137,141671.8324,a0000004a — Survey_Area_2019,/Users/margaretslein/Desktop/imerss/MICS_Eelgrass_2009_2022.gdb 3/a0000004a.gdbtable|layername=Survey_Area_2019,2019
9,521.6345152,16817.50772,a0000004a — Survey_Area_2019,/Users/margaretslein/Desktop/imerss/MICS_Eelgrass_2009_2022.gdb 3/a0000004a.gdbtable|layername=Survey_Area_2019,2019
10,2691.618691,138899.3691,a0000004a — Survey_Area_2019,/Users/margaretslein/Desktop/imerss/MICS_Eelgrass_2009_2022.gdb 3/a0000004a.gdbtable|layername=Survey_Area_2019,2019
11,3823.326594,172782.6191,a0000004a — Survey_Area_2019,/Users/margaretslein/Desktop/imerss/MICS_Eelgrass_2009_2022.gdb 3/a0000004a.gdbtable|layername=Survey_Area_2019,2019
1,1371.072191,68027.86335,a0000004a — Survey_Area_2019,/Users/margaretslein/Desktop/imerss/MICS_Eelgrass_2009_2022.gdb 3/a0000004a.gdbtable|layername=Survey_Area_2019,2019
2,1064.71812,71449.52349,a0000004a — Survey_Area_2019,/Users/margaretslein/Desktop/imerss/MICS_Eelgrass_2009_2022.gdb 3/a0000004a.gdbtable|layername=Survey_Area_2019,2019
3,699.0926847,24288.47174,a0000004a — Survey_Area_2019,/Users/margaretslein/Desktop/imerss/MICS_Eelgrass_2009_2022.gdb 3/a0000004a.gdbtable|layername=Survey_Area_2019,2019
4,1684.763459,92725.48131,a0000004a — Survey_Area_2019,/Users/margaretslein/Desktop/imerss/MICS_Eelgrass_2009_2022.gdb 3/a0000004a.gdbtable|layername=Survey_Area_2019,2019
5,1238.390579,75262.84968,a0000004a — Survey_Area_2019,/Users/margaretslein/Desktop/imerss/MICS_Eelgrass_2009_2022.gdb 3/a0000004a.gdbtable|layername=Survey_Area_2019,2019
6,1312.118468,71187.53363,a0000004a — Survey_Area_2019,/Users/margaretslein/Desktop/imerss/MICS_Eelgrass_2009_2022.gdb 3/a0000004a.gdbtable|layername=Survey_Area_2019,2019
7,1476.716706,74426.59647,a0000004a — Survey_Area_2019,/Users/margaretslein/Desktop/imerss/MICS_Eelgrass_2009_2022.gdb 3/a0000004a.gdbtable|layername=Survey_Area_2019,2019
8,1784.54137,141671.8324,a0000004a — Survey_Area_2019,/Users/margaretslein/Desktop/imerss/MICS_Eelgrass_2009_2022.gdb 3/a0000004a.gdbtable|layername=Survey_Area_2019,2019
9,521.6345152,16817.50772,a0000004a — Survey_Area_2019,/Users/margaretslein/Desktop/imerss/MICS_Eelgrass_2009_2022.gdb 3/a0000004a.gdbtable|layername=Survey_Area_2019,2019
10,2691.618691,138899.3691,a0000004a — Survey_Area_2019,/Users/margaretslein/Desktop/imerss/MICS_Eelgrass_2009_2022.gdb 3/a0000004a.gdbtable|layername=Survey_Area_2019,2019
11,3823.326594,172782.6191,a0000004a — Survey_Area_2019,/Users/margaretslein/Desktop/imerss/MICS_Eelgrass_2009_2022.gdb 3/a0000004a.gdbtable|layername=Survey_Area_2019,2019
1,201.9466267,1944.975389,a0000004b — Survey_Area_2018,/Users/margaretslein/Desktop/imerss/MICS_Eelgrass_2009_2022.gdb 3/a0000004b.gdbtable|layername=Survey_Area_2018,2018
1,201.9466267,1944.975389,a0000004b — Survey_Area_2018,/Users/margaretslein/Desktop/imerss/MICS_Eelgrass_2009_2022.gdb 3/a0000004b.gdbtable|layername=Survey_Area_2018,2018
1,201.9466267,1944.975389,a0000004b — Survey_Area_2018,/Users/margaretslein/Desktop/imerss/MICS_Eelgrass_2009_2022.gdb 3/a0000004b.gdbtable|layername=Survey_Area_2018,2018
1,2273.652297,130145.5051,a0000004c — Survey_Aea_2017,/Users/margaretslein/Desktop/imerss/MICS_Eelgrass_2009_2022.gdb 3/a0000004c.gdbtable|layername=Survey_Aea_2017,2017
2,1382.834469,48291.2528,a0000004c — Survey_Aea_2017,/Users/margaretslein/Desktop/imerss/MICS_Eelgrass_2009_2022.gdb 3/a0000004c.gdbtable|layername=Survey_Aea_2017,2017
3,1391.168011,103033.8243,a0000004c — Survey_Aea_2017,/Users/margaretslein/Desktop/imerss/MICS_Eelgrass_2009_2022.gdb 3/a0000004c.gdbtable|layername=Survey_Aea_2017,2017
4,620.1168164,21787.18948,a0000004c — Survey_Aea_2017,/Users/margaretslein/Desktop/imerss/MICS_Eelgrass_2009_2022.gdb 3/a0000004c.gdbtable|layername=Survey_Aea_2017,2017
1,2273.652297,130145.5051,a0000004c — Survey_Aea_2017,/Users/margaretslein/Desktop/imerss/MICS_Eelgrass_2009_2022.gdb 3/a0000004c.gdbtable|layername=Survey_Aea_2017,2017
2,1382.834469,48291.2528,a0000004c — Survey_Aea_2017,/Users/margaretslein/Desktop/imerss/MICS_Eelgrass_2009_2022.gdb 3/a0000004c.gdbtable|layername=Survey_Aea_2017,2017
3,1391.168011,103033.8243,a0000004c — Survey_Aea_2017,/Users/margaretslein/Desktop/imerss/MICS_Eelgrass_2009_2022.gdb 3/a0000004c.gdbtable|layername=Survey_Aea_2017,2017
4,620.1168164,21787.18948,a0000004c — Survey_Aea_2017,/Users/margaretslein/Desktop/imerss/MICS_Eelgrass_2009_2022.gdb 3/a0000004c.gdbtable|layername=Survey_Aea_2017,2017
1,2273.652297,130145.5051,a0000004c — Survey_Aea_2017,/Users/margaretslein/Desktop/imerss/MICS_Eelgrass_2009_2022.gdb 3/a0000004c.gdbtable|layername=Survey_Aea_2017,2017
2,1382.834469,48291.2528,a0000004c — Survey_Aea_2017,/Users/margaretslein/Desktop/imerss/MICS_Eelgrass_2009_2022.gdb 3/a0000004c.gdbtable|layername=Survey_Aea_2017,2017
3,1391.168011,103033.8243,a0000004c — Survey_Aea_2017,/Users/margaretslein/Desktop/imerss/MICS_Eelgrass_2009_2022.gdb 3/a0000004c.gdbtable|layername=Survey_Aea_2017,2017
4,620.1168164,21787.18948,a0000004c — Survey_Aea_2017,/Users/margaretslein/Desktop/imerss/MICS_Eelgrass_2009_2022.gdb 3/a0000004c.gdbtable|layername=Survey_Aea_2017,2017
1,1009.963341,57010.23617,a0000004d — Survey_Area_2016,/Users/margaretslein/Desktop/imerss/MICS_Eelgrass_2009_2022.gdb 3/a0000004d.gdbtable|layername=Survey_Area_2016,2016
2,841.3860816,45323.5296,a0000004d — Survey_Area_2016,/Users/margaretslein/Desktop/imerss/MICS_Eelgrass_2009_2022.gdb 3/a0000004d.gdbtable|layername=Survey_Area_2016,2016
3,618.6159558,20265.10966,a0000004d — Survey_Area_2016,/Users/margaretslein/Desktop/imerss/MICS_Eelgrass_2009_2022.gdb 3/a0000004d.gdbtable|layername=Survey_Area_2016,2016
1,1009.963341,57010.23617,a0000004d — Survey_Area_2016,/Users/margaretslein/Desktop/imerss/MICS_Eelgrass_2009_2022.gdb 3/a0000004d.gdbtable|layername=Survey_Area_2016,2016
2,841.3860816,45323.5296,a0000004d — Survey_Area_2016,/Users/margaretslein/Desktop/imerss/MICS_Eelgrass_2009_2022.gdb 3/a0000004d.gdbtable|layername=Survey_Area_2016,2016
3,618.6159558,20265.10966,a0000004d — Survey_Area_2016,/Users/margaretslein/Desktop/imerss/MICS_Eelgrass_2009_2022.gdb 3/a0000004d.gdbtable|layername=Survey_Area_2016,2016
1,1009.963341,57010.23617,a0000004d — Survey_Area_2016,/Users/margaretslein/Desktop/imerss/MICS_Eelgrass_2009_2022.gdb 3/a0000004d.gdbtable|layername=Survey_Area_2016,2016
2,841.3860816,45323.5296,a0000004d — Survey_Area_2016,/Users/margaretslein/Desktop/imerss/MICS_Eelgrass_2009_2022.gdb 3/a0000004d.gdbtable|layername=Survey_Area_2016,2016
3,618.6159558,20265.10966,a0000004d — Survey_Area_2016,/Users/margaretslein/Desktop/imerss/MICS_Eelgrass_2009_2022.gdb 3/a0000004d.gdbtable|layername=Survey_Area_2016,2016
1,3179.69197,142515.9505,a0000004e — Survey_Area_2015,/Users/margaretslein/Desktop/imerss/MICS_Eelgrass_2009_2022.gdb 3/a0000004e.gdbtable|layername=Survey_Area_2015,2015
1,3179.69197,142515.9505,a0000004e — Survey_Area_2015,/Users/margaretslein/Desktop/imerss/MICS_Eelgrass_2009_2022.gdb 3/a0000004e.gdbtable|layername=Survey_Area_2015,2015
1,3179.69197,142515.9505,a0000004e — Survey_Area_2015,/Users/margaretslein/Desktop/imerss/MICS_Eelgrass_2009_2022.gdb 3/a0000004e.gdbtable|layername=Survey_Area_2015,2015
1,959.072883,53227.5588,a0000004f — Survey_Area_2013,/Users/margaretslein/Desktop/imerss/MICS_Eelgrass_2009_2022.gdb 3/a0000004f.gdbtable|layername=Survey_Area_2013,2013
1,959.072883,53227.5588,a0000004f — Survey_Area_2013,/Users/margaretslein/Desktop/imerss/MICS_Eelgrass_2009_2022.gdb 3/a0000004f.gdbtable|layername=Survey_Area_2013,2013
1,959.072883,53227.5588,a0000004f — Survey_Area_2013,/Users/margaretslein/Desktop/imerss/MICS_Eelgrass_2009_2022.gdb 3/a0000004f.gdbtable|layername=Survey_Area_2013,2013
1,468.8509396,11803.65337,a00000050 — Survey_Area_2012,/Users/margaretslein/Desktop/imerss/MICS_Eelgrass_2009_2022.gdb 3/a00000050.gdbtable|layername=Survey_Area_2012,2012
2,2433.611898,107602.3312,a00000050 — Survey_Area_2012,/Users/margaretslein/Desktop/imerss/MICS_Eelgrass_2009_2022.gdb 3/a00000050.gdbtable|layername=Survey_Area_2012,2012
1,468.8509396,11803.65337,a00000050 — Survey_Area_2012,/Users/margaretslein/Desktop/imerss/MICS_Eelgrass_2009_2022.gdb 3/a00000050.gdbtable|layername=Survey_Area_2012,2012
2,2433.611898,107602.3312,a00000050 — Survey_Area_2012,/Users/margaretslein/Desktop/imerss/MICS_Eelgrass_2009_2022.gdb 3/a00000050.gdbtable|layername=Survey_Area_2012,2012
1,468.8509396,11803.65337,a00000050 — Survey_Area_2012,/Users/margaretslein/Desktop/imerss/MICS_Eelgrass_2009_2022.gdb 3/a00000050.gdbtable|layername=Survey_Area_2012,2012
2,2433.611898,107602.3312,a00000050 — Survey_Area_2012,/Users/margaretslein/Desktop/imerss/MICS_Eelgrass_2009_2022.gdb 3/a00000050.gdbtable|layername=Survey_Area_2012,2012
1,981.0877041,52551.17274,a00000051 — Survey_Area_2010,/Users/margaretslein/Desktop/imerss/MICS_Eelgrass_2009_2022.gdb 3/a00000051.gdbtable|layername=Survey_Area_2010,2010
2,493.5137272,14277.83295,a00000051 — Survey_Area_2010,/Users/margaretslein/Desktop/imerss/MICS_Eelgrass_2009_2022.gdb 3/a00000051.gdbtable|layername=Survey_Area_2010,2010
3,644.8757407,20388.77281,a00000051 — Survey_Area_2010,/Users/margaretslein/Desktop/imerss/MICS_Eelgrass_2009_2022.gdb 3/a00000051.gdbtable|layername=Survey_Area_2010,2010
4,1171.847716,62402.11653,a00000051 — Survey_Area_2010,/Users/margaretslein/Desktop/imerss/MICS_Eelgrass_2009_2022.gdb 3/a00000051.gdbtable|layername=Survey_Area_2010,2010
1,981.0877041,52551.17274,a00000051 — Survey_Area_2010,/Users/margaretslein/Desktop/imerss/MICS_Eelgrass_2009_2022.gdb 3/a00000051.gdbtable|layername=Survey_Area_2010,2010
2,493.5137272,14277.83295,a00000051 — Survey_Area_2010,/Users/margaretslein/Desktop/imerss/MICS_Eelgrass_2009_2022.gdb 3/a00000051.gdbtable|layername=Survey_Area_2010,2010
3,644.8757407,20388.77281,a00000051 — Survey_Area_2010,/Users/margaretslein/Desktop/imerss/MICS_Eelgrass_2009_2022.gdb 3/a00000051.gdbtable|layername=Survey_Area_2010,2010
4,1171.847716,62402.11653,a00000051 — Survey_Area_2010,/Users/margaretslein/Desktop/imerss/MICS_Eelgrass_2009_2022.gdb 3/a00000051.gdbtable|layername=Survey_Area_2010,2010
1,981.0877041,52551.17274,a00000051 — Survey_Area_2010,/Users/margaretslein/Desktop/imerss/MICS_Eelgrass_2009_2022.gdb 3/a00000051.gdbtable|layername=Survey_Area_2010,2010
2,493.5137272,14277.83295,a00000051 — Survey_Area_2010,/Users/margaretslein/Desktop/imerss/MICS_Eelgrass_2009_2022.gdb 3/a00000051.gdbtable|layername=Survey_Area_2010,2010
3,644.8757407,20388.77281,a00000051 — Survey_Area_2010,/Users/margaretslein/Desktop/imerss/MICS_Eelgrass_2009_2022.gdb 3/a00000051.gdbtable|layername=Survey_Area_2010,2010
4,1171.847716,62402.11653,a00000051 — Survey_Area_2010,/Users/margaretslein/Desktop/imerss/MICS_Eelgrass_2009_2022.gdb 3/a00000051.gdbtable|layername=Survey_Area_2010,2010
1,950.9665423,39748.95272,a00000052 — Survey_Area_2009,/Users/margaretslein/Desktop/imerss/MICS_Eelgrass_2009_2022.gdb 3/a00000052.gdbtable|layername=Survey_Area_2009,2009
2,1451.892441,83702.32414,a00000052 — Survey_Area_2009,/Users/margaretslein/Desktop/imerss/MICS_Eelgrass_2009_2022.gdb 3/a00000052.gdbtable|layername=Survey_Area_2009,2009
3,2339.703119,160911.2485,a00000052 — Survey_Area_2009,/Users/margaretslein/Desktop/imerss/MICS_Eelgrass_2009_2022.gdb 3/a00000052.gdbtable|layername=Survey_Area_2009,2009
4,585.746913,20054.71297,a00000052 — Survey_Area_2009,/Users/margaretslein/Desktop/imerss/MICS_Eelgrass_2009_2022.gdb 3/a00000052.gdbtable|layername=Survey_Area_2009,2009
5,732.6452627,18434.54653,a00000052 — Survey_Area_2009,/Users/margaretslein/Desktop/imerss/MICS_Eelgrass_2009_2022.gdb 3/a00000052.gdbtable|layername=Survey_Area_2009,2009
6,660.5319724,19556.21419,a00000052 — Survey_Area_2009,/Users/margaretslein/Desktop/imerss/MICS_Eelgrass_2009_2022.gdb 3/a00000052.gdbtable|layername=Survey_Area_2009,2009
7,2622.847158,128883.7724,a00000052 — Survey_Area_2009,/Users/margaretslein/Desktop/imerss/MICS_Eelgrass_2009_2022.gdb 3/a00000052.gdbtable|layername=Survey_Area_2009,2009
8,1389.875927,102971.524,a00000052 — Survey_Area_2009,/Users/margaretslein/Desktop/imerss/MICS_Eelgrass_2009_2022.gdb 3/a00000052.gdbtable|layername=Survey_Area_2009,2009
9,453.4051204,11208.04829,a00000052 — Survey_Area_2009,/Users/margaretslein/Desktop/imerss/MICS_Eelgrass_2009_2022.gdb 3/a00000052.gdbtable|layername=Survey_Area_2009,2009
10,2396.437848,120587.3095,a00000052 — Survey_Area_2009,/Users/margaretslein/Desktop/imerss/MICS_Eelgrass_2009_2022.gdb 3/a00000052.gdbtable|layername=Survey_Area_2009,2009
11,833.0265775,43561.96721,a00000052 — Survey_Area_2009,/Users/margaretslein/Desktop/imerss/MICS_Eelgrass_2009_2022.gdb 3/a00000052.gdbtable|layername=Survey_Area_2009,2009
12,3886.438867,307879.0739,a00000052 — Survey_Area_2009,/Users/margaretslein/Desktop/imerss/MICS_Eelgrass_2009_2022.gdb 3/a00000052.gdbtable|layername=Survey_Area_2009,2009
13,1666.376317,82341.97766,a00000052 — Survey_Area_2009,/Users/margaretslein/Desktop/imerss/MICS_Eelgrass_2009_2022.gdb 3/a00000052.gdbtable|layername=Survey_Area_2009,2009
14,458.1391641,11351.58161,a00000052 — Survey_Area_2009,/Users/margaretslein/Desktop/imerss/MICS_Eelgrass_2009_2022.gdb 3/a00000052.gdbtable|layername=Survey_Area_2009,2009
15,683.0267233,28363.76551,a00000052 — Survey_Area_2009,/Users/margaretslein/Desktop/imerss/MICS_Eelgrass_2009_2022.gdb 3/a00000052.gdbtable|layername=Survey_Area_2009,2009
1,950.9665423,39748.95272,a00000052 — Survey_Area_2009,/Users/margaretslein/Desktop/imerss/MICS_Eelgrass_2009_2022.gdb 3/a00000052.gdbtable|layername=Survey_Area_2009,2009
2,1451.892441,83702.32414,a00000052 — Survey_Area_2009,/Users/margaretslein/Desktop/imerss/MICS_Eelgrass_2009_2022.gdb 3/a00000052.gdbtable|layername=Survey_Area_2009,2009
3,2339.703119,160911.2485,a00000052 — Survey_Area_2009,/Users/margaretslein/Desktop/imerss/MICS_Eelgrass_2009_2022.gdb 3/a00000052.gdbtable|layername=Survey_Area_2009,2009
4,585.746913,20054.71297,a00000052 — Survey_Area_2009,/Users/margaretslein/Desktop/imerss/MICS_Eelgrass_2009_2022.gdb 3/a00000052.gdbtable|layername=Survey_Area_2009,2009
5,732.6452627,18434.54653,a00000052 — Survey_Area_2009,/Users/margaretslein/Desktop/imerss/MICS_Eelgrass_2009_2022.gdb 3/a00000052.gdbtable|layername=Survey_Area_2009,2009
6,660.5319724,19556.21419,a00000052 — Survey_Area_2009,/Users/margaretslein/Desktop/imerss/MICS_Eelgrass_2009_2022.gdb 3/a00000052.gdbtable|layername=Survey_Area_2009,2009
7,2622.847158,128883.7724,a00000052 — Survey_Area_2009,/Users/margaretslein/Desktop/imerss/MICS_Eelgrass_2009_2022.gdb 3/a00000052.gdbtable|layername=Survey_Area_2009,2009
8,1389.875927,102971.524,a00000052 — Survey_Area_2009,/Users/margaretslein/Desktop/imerss/MICS_Eelgrass_2009_2022.gdb 3/a00000052.gdbtable|layername=Survey_Area_2009,2009
9,453.4051204,11208.04829,a00000052 — Survey_Area_2009,/Users/margaretslein/Desktop/imerss/MICS_Eelgrass_2009_2022.gdb 3/a00000052.gdbtable|layername=Survey_Area_2009,2009
10,2396.437848,120587.3095,a00000052 — Survey_Area_2009,/Users/margaretslein/Desktop/imerss/MICS_Eelgrass_2009_2022.gdb 3/a00000052.gdbtable|layername=Survey_Area_2009,2009
11,833.0265775,43561.96721,a00000052 — Survey_Area_2009,/Users/margaretslein/Desktop/imerss/MICS_Eelgrass_2009_2022.gdb 3/a00000052.gdbtable|layername=Survey_Area_2009,2009
12,3886.438867,307879.0739,a00000052 — Survey_Area_2009,/Users/margaretslein/Desktop/imerss/MICS_Eelgrass_2009_2022.gdb 3/a00000052.gdbtable|layername=Survey_Area_2009,2009
13,1666.376317,82341.97766,a00000052 — Survey_Area_2009,/Users/margaretslein/Desktop/imerss/MICS_Eelgrass_2009_2022.gdb 3/a00000052.gdbtable|layername=Survey_Area_2009,2009
14,458.1391641,11351.58161,a00000052 — Survey_Area_2009,/Users/margaretslein/Desktop/imerss/MICS_Eelgrass_2009_2022.gdb 3/a00000052.gdbtable|layername=Survey_Area_2009,2009
15,683.0267233,28363.76551,a00000052 — Survey_Area_2009,/Users/margaretslein/Desktop/imerss/MICS_Eelgrass_2009_2022.gdb 3/a00000052.gdbtable|layername=Survey_Area_2009,2009
1,950.9665423,39748.95272,a00000052 — Survey_Area_2009,/Users/margaretslein/Desktop/imerss/MICS_Eelgrass_2009_2022.gdb 3/a00000052.gdbtable|layername=Survey_Area_2009,2009
2,1451.892441,83702.32414,a00000052 — Survey_Area_2009,/Users/margaretslein/Desktop/imerss/MICS_Eelgrass_2009_2022.gdb 3/a00000052.gdbtable|layername=Survey_Area_2009,2009
3,2339.703119,160911.2485,a00000052 — Survey_Area_2009,/Users/margaretslein/Desktop/imerss/MICS_Eelgrass_2009_2022.gdb 3/a00000052.gdbtable|layername=Survey_Area_2009,2009
4,585.746913,20054.71297,a00000052 — Survey_Area_2009,/Users/margaretslein/Desktop/imerss/MICS_Eelgrass_2009_2022.gdb 3/a00000052.gdbtable|layername=Survey_Area_2009,2009
5,732.6452627,18434.54653,a00000052 — Survey_Area_2009,/Users/margaretslein/Desktop/imerss/MICS_Eelgrass_2009_2022.gdb 3/a00000052.gdbtable|layername=Survey_Area_2009,2009
6,660.5319724,19556.21419,a00000052 — Survey_Area_2009,/Users/margaretslein/Desktop/imerss/MICS_Eelgrass_2009_2022.gdb 3/a00000052.gdbtable|layername=Survey_Area_2009,2009
7,2622.847158,128883.7724,a00000052 — Survey_Area_2009,/Users/margaretslein/Desktop/imerss/MICS_Eelgrass_2009_2022.gdb 3/a00000052.gdbtable|layername=Survey_Area_2009,2009
8,1389.875927,102971.524,a00000052 — Survey_Area_2009,/Users/margaretslein/Desktop/imerss/MICS_Eelgrass_2009_2022.gdb 3/a00000052.gdbtable|layername=Survey_Area_2009,2009
9,453.4051204,11208.04829,a00000052 — Survey_Area_2009,/Users/margaretslein/Desktop/imerss/MICS_Eelgrass_2009_2022.gdb 3/a00000052.gdbtable|layername=Survey_Area_2009,2009
10,2396.437848,120587.3095,a00000052 — Survey_Area_2009,/Users/margaretslein/Desktop/imerss/MICS_Eelgrass_2009_2022.gdb 3/a00000052.gdbtable|layername=Survey_Area_2009,2009
11,833.0265775,43561.96721,a00000052 — Survey_Area_2009,/Users/margaretslein/Desktop/imerss/MICS_Eelgrass_2009_2022.gdb 3/a00000052.gdbtable|layername=Survey_Area_2009,2009
12,3886.438867,307879.0739,a00000052 — Survey_Area_2009,/Users/margaretslein/Desktop/imerss/MICS_Eelgrass_2009_2022.gdb 3/a00000052.gdbtable|layername=Survey_Area_2009,2009
13,1666.376317,82341.97766,a00000052 — Survey_Area_2009,/Users/margaretslein/Desktop/imerss/MICS_Eelgrass_2009_2022.gdb 3/a00000052.gdbtable|layername=Survey_Area_2009,2009
14,458.1391641,11351.58161,a00000052 — Survey_Area_2009,/Users/margaretslein/Desktop/imerss/MICS_Eelgrass_2009_2022.gdb 3/a00000052.gdbtable|layername=Survey_Area_2009,2009
15,683.0267233,28363.76551,a00000052 — Survey_Area_2009,/Users/margaretslein/Desktop/imerss/MICS_Eelgrass_2009_2022.gdb 3/a00000052.gdbtable|layername=Survey_Area_2009,2009
1,555.454877,19522.62923,a00000054 — Survey_Area_2021,/Users/margaretslein/Desktop/imerss/MICS_Eelgrass_2009_2022.gdb 3/a00000054.gdbtable|layername=Survey_Area_2021,2021
2,628.7967316,23817.43193,a00000054 — Survey_Area_2021,/Users/margaretslein/Desktop/imerss/MICS_Eelgrass_2009_2022.gdb 3/a00000054.gdbtable|layername=Survey_Area_2021,2021
3,2081.500117,71037.37489,a00000054 — Survey_Area_2021,/Users/margaretslein/Desktop/imerss/MICS_Eelgrass_2009_2022.gdb 3/a00000054.gdbtable|layername=Survey_Area_2021,2021
4,409.9852489,8711.379739,a00000054 — Survey_Area_2021,/Users/margaretslein/Desktop/imerss/MICS_Eelgrass_2009_2022.gdb 3/a00000054.gdbtable|layername=Survey_Area_2021,2021
5,1190.443168,71195.25737,a00000054 — Survey_Area_2021,/Users/margaretslein/Desktop/imerss/MICS_Eelgrass_2009_2022.gdb 3/a00000054.gdbtable|layername=Survey_Area_2021,2021
6,757.2015285,32784.06237,a00000054 — Survey_Area_2021,/Users/margaretslein/Desktop/imerss/MICS_Eelgrass_2009_2022.gdb 3/a00000054.gdbtable|layername=Survey_Area_2021,2021
8,1344.775997,28061.73873,a00000054 — Survey_Area_2021,/Users/margaretslein/Desktop/imerss/MICS_Eelgrass_2009_2022.gdb 3/a00000054.gdbtable|layername=Survey_Area_2021,2021
9,1319.680225,60928.69535,a00000054 — Survey_Area_2021,/Users/margaretslein/Desktop/imerss/MICS_Eelgrass_2009_2022.gdb 3/a00000054.gdbtable|layername=Survey_Area_2021,2021
10,490.2901293,12311.69479,a00000054 — Survey_Area_2021,/Users/margaretslein/Desktop/imerss/MICS_Eelgrass_2009_2022.gdb 3/a00000054.gdbtable|layername=Survey_Area_2021,2021
1,555.454877,19522.62923,a00000054 — Survey_Area_2021,/Users/margaretslein/Desktop/imerss/MICS_Eelgrass_2009_2022.gdb 3/a00000054.gdbtable|layername=Survey_Area_2021,2021
2,628.7967316,23817.43193,a00000054 — Survey_Area_2021,/Users/margaretslein/Desktop/imerss/MICS_Eelgrass_2009_2022.gdb 3/a00000054.gdbtable|layername=Survey_Area_2021,2021
3,2081.500117,71037.37489,a00000054 — Survey_Area_2021,/Users/margaretslein/Desktop/imerss/MICS_Eelgrass_2009_2022.gdb 3/a00000054.gdbtable|layername=Survey_Area_2021,2021
4,409.9852489,8711.379739,a00000054 — Survey_Area_2021,/Users/margaretslein/Desktop/imerss/MICS_Eelgrass_2009_2022.gdb 3/a00000054.gdbtable|layername=Survey_Area_2021,2021
5,1190.443168,71195.25737,a00000054 — Survey_Area_2021,/Users/margaretslein/Desktop/imerss/MICS_Eelgrass_2009_2022.gdb 3/a00000054.gdbtable|layername=Survey_Area_2021,2021
6,757.2015285,32784.06237,a00000054 — Survey_Area_2021,/Users/margaretslein/Desktop/imerss/MICS_Eelgrass_2009_2022.gdb 3/a00000054.gdbtable|layername=Survey_Area_2021,2021
8,1344.775997,28061.73873,a00000054 — Survey_Area_2021,/Users/margaretslein/Desktop/imerss/MICS_Eelgrass_2009_2022.gdb 3/a00000054.gdbtable|layername=Survey_Area_2021,2021
9,1319.680225,60928.69535,a00000054 — Survey_Area_2021,/Users/margaretslein/Desktop/imerss/MICS_Eelgrass_2009_2022.gdb 3/a00000054.gdbtable|layername=Survey_Area_2021,2021
10,490.2901293,12311.69479,a00000054 — Survey_Area_2021,/Users/margaretslein/Desktop/imerss/MICS_Eelgrass_2009_2022.gdb 3/a00000054.gdbtable|layername=Survey_Area_2021,2021
1,555.454877,19522.62923,a00000054 — Survey_Area_2021,/Users/margaretslein/Desktop/imerss/MICS_Eelgrass_2009_2022.gdb 3/a00000054.gdbtable|layername=Survey_Area_2021,2021
2,628.7967316,23817.43193,a00000054 — Survey_Area_2021,/Users/margaretslein/Desktop/imerss/MICS_Eelgrass_2009_2022.gdb 3/a00000054.gdbtable|layername=Survey_Area_2021,2021
3,2081.500117,71037.37489,a00000054 — Survey_Area_2021,/Users/margaretslein/Desktop/imerss/MICS_Eelgrass_2009_2022.gdb 3/a00000054.gdbtable|layername=Survey_Area_2021,2021
4,409.9852489,8711.379739,a00000054 — Survey_Area_2021,/Users/margaretslein/Desktop/imerss/MICS_Eelgrass_2009_2022.gdb 3/a00000054.gdbtable|layername=Survey_Area_2021,2021
5,1190.443168,71195.25737,a00000054 — Survey_Area_2021,/Users/margaretslein/Desktop/imerss/MICS_Eelgrass_2009_2022.gdb 3/a00000054.gdbtable|layername=Survey_Area_2021,2021
6,757.2015285,32784.06237,a00000054 — Survey_Area_2021,/Users/margaretslein/Desktop/imerss/MICS_Eelgrass_2009_2022.gdb 3/a00000054.gdbtable|layername=Survey_Area_2021,2021
8,1344.775997,28061.73873,a00000054 — Survey_Area_2021,/Users/margaretslein/Desktop/imerss/MICS_Eelgrass_2009_2022.gdb 3/a00000054.gdbtable|layername=Survey_Area_2021,2021
9,1319.680225,60928.69535,a00000054 — Survey_Area_2021,/Users/margaretslein/Desktop/imerss/MICS_Eelgrass_2009_2022.gdb 3/a00000054.gdbtable|layername=Survey_Area_2021,2021
10,490.2901293,12311.69479,a00000054 — Survey_Area_2021,/Users/margaretslein/Desktop/imerss/MICS_Eelgrass_2009_2022.gdb 3/a00000054.gdbtable|layername=Survey_Area_2021,2021
10,0.006111128,2.29E-06,a0000005b — Survey_Area_2022,/Users/margaretslein/Desktop/imerss/MICS_Eelgrass_2009_2022.gdb 3/a0000005b.gdbtable|layername=Survey_Area_2022,2022
11,0.011302921,7.42E-06,a0000005b — Survey_Area_2022,/Users/margaretslein/Desktop/imerss/MICS_Eelgrass_2009_2022.gdb 3/a0000005b.gdbtable|layername=Survey_Area_2022,2022
12,0.006265881,2.64E-06,a0000005b — Survey_Area_2022,/Users/margaretslein/Desktop/imerss/MICS_Eelgrass_2009_2022.gdb 3/a0000005b.gdbtable|layername=Survey_Area_2022,2022
13,0.011398547,4.15E-06,a0000005b — Survey_Area_2022,/Users/margaretslein/Desktop/imerss/MICS_Eelgrass_2009_2022.gdb 3/a0000005b.gdbtable|layername=Survey_Area_2022,2022
14,0.021167759,1.09E-05,a0000005b — Survey_Area_2022,/Users/margaretslein/Desktop/imerss/MICS_Eelgrass_2009_2022.gdb 3/a0000005b.gdbtable|layername=Survey_Area_2022,2022
15,0.015640678,8.01E-06,a0000005b — Survey_Area_2022,/Users/margaretslein/Desktop/imerss/MICS_Eelgrass_2009_2022.gdb 3/a0000005b.gdbtable|layername=Survey_Area_2022,2022
16,0.006461905,2.51E-06,a0000005b — Survey_Area_2022,/Users/margaretslein/Desktop/imerss/MICS_Eelgrass_2009_2022.gdb 3/a0000005b.gdbtable|layername=Survey_Area_2022,2022
17,0.02404098,9.68E-06,a0000005b — Survey_Area_2022,/Users/margaretslein/Desktop/imerss/MICS_Eelgrass_2009_2022.gdb 3/a0000005b.gdbtable|layername=Survey_Area_2022,2022
18,0.019749683,1.13E-05,a0000005b — Survey_Area_2022,/Users/margaretslein/Desktop/imerss/MICS_Eelgrass_2009_2022.gdb 3/a0000005b.gdbtable|layername=Survey_Area_2022,2022
10,0.006111128,2.29E-06,a0000005b — Survey_Area_2022,/Users/margaretslein/Desktop/imerss/MICS_Eelgrass_2009_2022.gdb 3/a0000005b.gdbtable|layername=Survey_Area_2022,2022
11,0.011302921,7.42E-06,a0000005b — Survey_Area_2022,/Users/margaretslein/Desktop/imerss/MICS_Eelgrass_2009_2022.gdb 3/a0000005b.gdbtable|layername=Survey_Area_2022,2022
12,0.006265881,2.64E-06,a0000005b — Survey_Area_2022,/Users/margaretslein/Desktop/imerss/MICS_Eelgrass_2009_2022.gdb 3/a0000005b.gdbtable|layername=Survey_Area_2022,2022
13,0.011398547,4.15E-06,a0000005b — Survey_Area_2022,/Users/margaretslein/Desktop/imerss/MICS_Eelgrass_2009_2022.gdb 3/a0000005b.gdbtable|layername=Survey_Area_2022,2022
14,0.021167759,1.09E-05,a0000005b — Survey_Area_2022,/Users/margaretslein/Desktop/imerss/MICS_Eelgrass_2009_2022.gdb 3/a0000005b.gdbtable|layername=Survey_Area_2022,2022
15,0.015640678,8.01E-06,a0000005b — Survey_Area_2022,/Users/margaretslein/Desktop/imerss/MICS_Eelgrass_2009_2022.gdb 3/a0000005b.gdbtable|layername=Survey_Area_2022,2022
16,0.006461905,2.51E-06,a0000005b — Survey_Area_2022,/Users/margaretslein/Desktop/imerss/MICS_Eelgrass_2009_2022.gdb 3/a0000005b.gdbtable|layername=Survey_Area_2022,2022
17,0.02404098,9.68E-06,a0000005b — Survey_Area_2022,/Users/margaretslein/Desktop/imerss/MICS_Eelgrass_2009_2022.gdb 3/a0000005b.gdbtable|layername=Survey_Area_2022,2022
18,0.019749683,1.13E-05,a0000005b — Survey_Area_2022,/Users/margaretslein/Desktop/imerss/MICS_Eelgrass_2009_2022.gdb 3/a0000005b.gdbtable|layername=Survey_Area_2022,2022
10,0.006111128,2.29E-06,a0000005b — Survey_Area_2022,/Users/margaretslein/Desktop/imerss/MICS_Eelgrass_2009_2022.gdb 3/a0000005b.gdbtable|layername=Survey_Area_2022,2022
11,0.011302921,7.42E-06,a0000005b — Survey_Area_2022,/Users/margaretslein/Desktop/imerss/MICS_Eelgrass_2009_2022.gdb 3/a0000005b.gdbtable|layername=Survey_Area_2022,2022
12,0.006265881,2.64E-06,a0000005b — Survey_Area_2022,/Users/margaretslein/Desktop/imerss/MICS_Eelgrass_2009_2022.gdb 3/a0000005b.gdbtable|layername=Survey_Area_2022,2022
13,0.011398547,4.15E-06,a0000005b — Survey_Area_2022,/Users/margaretslein/Desktop/imerss/MICS_Eelgrass_2009_2022.gdb 3/a0000005b.gdbtable|layername=Survey_Area_2022,2022
14,0.021167759,1.09E-05,a0000005b — Survey_Area_2022,/Users/margaretslein/Desktop/imerss/MICS_Eelgrass_2009_2022.gdb 3/a0000005b.gdbtable|layername=Survey_Area_2022,2022
15,0.015640678,8.01E-06,a0000005b — Survey_Area_2022,/Users/margaretslein/Desktop/imerss/MICS_Eelgrass_2009_2022.gdb 3/a0000005b.gdbtable|layername=Survey_Area_2022,2022
16,0.006461905,2.51E-06,a0000005b — Survey_Area_2022,/Users/margaretslein/Desktop/imerss/MICS_Eelgrass_2009_2022.gdb 3/a0000005b.gdbtable|layername=Survey_Area_2022,2022
17,0.02404098,9.68E-06,a0000005b — Survey_Area_2022,/Users/margaretslein/Desktop/imerss/MICS_Eelgrass_2009_2022.gdb 3/a0000005b.gdbtable|layername=Survey_Area_2022,2022
18,0.019749683,1.13E-05,a0000005b — Survey_Area_2022,/Users/margaretslein/Desktop/imerss/MICS_Eelgrass_2009_2022.gdb 3/a0000005b.gdbtable|layername=Survey_Area_2022,2022